"","Date","num_of_transactions","daily_rain","min_temp","max_temp","avg_temp","weekday","CSC_num_of_trans","QPS_num_of_trans","Other_num_of_trans"
"1",2020-01-01,1224,2.15,25.6,37.4,31.5,1,NA,NA,NA
"2",2020-01-02,2099,1.24,24.2,37,30.6,1,2029,120,2149
"3",2020-01-03,1925,0.098,24.6,36.5,30.5,1,2113,99,2212
"4",2020-01-04,1204,4.34,25.9,36,31,0,NA,NA,NA
"5",2020-01-05,1152,2.464,25.1,36.6,30.9,0,NA,NA,NA
"6",2020-01-06,2104,4.848,25,36.2,30.6,1,2203,281,2484
"7",2020-01-07,2264,4.258,25.2,35.7,30.5,1,1821,208,2029
"8",2020-01-08,2203,10.696,24.3,34.9,29.6,1,1793,211,2004
"9",2020-01-09,2183,10.054,24.8,35.1,29.9,1,1840,202,2042
"10",2020-01-10,1853,10.97,24.7,35,29.9,1,2087,197,2284
"11",2020-01-11,1122,9.486,24.8,35,29.9,0,NA,NA,NA
"12",2020-01-12,1232,12.056,24.9,36.1,30.5,0,NA,NA,NA
"13",2020-01-13,1957,7.118,24.3,35.5,29.9,1,2114,207,2321
"14",2020-01-14,2313,11.302,24.4,35,29.7,1,1772,177,1949
"15",2020-01-15,2349,7.216,24.9,35.6,30.3,1,1685,179,1864
"16",2020-01-16,2161,8.73,24.2,36.5,30.3,1,1789,159,1948
"17",2020-01-17,1851,2.896,25.9,36.6,31.3,1,2095,186,2281
"18",2020-01-18,1125,3.282,25.3,37.4,31.4,0,NA,NA,NA
"19",2020-01-19,1220,8.472,25.8,37.9,31.8,0,NA,NA,NA
"20",2020-01-20,1845,8.074,25.7,34.5,30.1,1,1945,167,2112
"21",2020-01-21,1936,3.192,26.3,36.3,31.3,1,1614,152,1766
"22",2020-01-22,1983,10.824,25.5,34.7,30.1,1,1591,175,1766
"23",2020-01-23,1859,7.568,25.1,34.2,29.6,1,1579,158,1743
"24",2020-01-24,1529,8.246,25.1,34.5,29.8,1,1826,168,1994
"25",2020-01-25,972,11.23,25,33,29,0,NA,NA,NA
"26",2020-01-26,686,12.788,25.3,33.6,29.5,0,NA,NA,NA
"27",2020-01-27,1227,12.198,25.4,32.1,28.8,1,NA,NA,NA
"28",2020-01-28,1944,12.77,25.1,30.6,27.8,1,2040,194,2234
"29",2020-01-29,2106,27.33,23.8,30.5,27.2,1,1577,166,1743
"30",2020-01-30,1924,13.744,24.6,31.1,27.8,1,1685,171,1856
"31",2020-01-31,1584,14.53,24.1,32.2,28.2,1,1915,162,2078
"32",2020-02-01,1118,8.552,24.2,32.6,28.4,0,NA,1,1
"33",2020-02-02,1256,16.696,24.1,31.8,28,0,NA,NA,NA
"34",2020-02-03,1674,12.436,24.8,32.8,28.8,1,1872,144,2016
"35",2020-02-04,1997,8.058,24.3,33.7,29,1,1596,149,1745
"36",2020-02-05,2127,5.7,24.5,33.6,29,1,1690,166,1856
"37",2020-02-06,1913,9.384,24.6,33.2,28.9,1,1566,167,1733
"38",2020-02-07,1739,6.598,24.9,34,29.4,1,1985,151,2136
"39",2020-02-08,1180,7.442,25.5,33.8,29.7,0,1,NA,1
"40",2020-02-09,1129,14.018,24.5,34.1,29.3,0,NA,NA,NA
"41",2020-02-10,1746,4.832,25.3,34.7,30,1,1864,153,2017
"42",2020-02-11,1971,7.412,25.1,34.8,29.9,1,1564,162,1731
"43",2020-02-12,2015,12.382,23.9,34.3,29.1,1,1550,151,1705
"44",2020-02-13,1934,17.018,24.1,34.6,29.3,1,1536,167,1703
"45",2020-02-14,1551,8.646,24.2,35.7,29.9,1,1867,177,2044
"46",2020-02-15,1104,0.928,25.7,36.3,31,0,NA,NA,NA
"47",2020-02-16,1188,3.01,26,35.8,30.9,0,NA,NA,NA
"48",2020-02-17,1764,5.526,24.7,35.6,30.1,1,1855,179,2034
"49",2020-02-18,1861,6.832,25.2,34.8,30,1,1523,144,1672
"50",2020-02-19,1975,5.488,25,34.2,29.6,1,1545,149,1700
"51",2020-02-20,1929,8.142,24.4,33.8,29.1,1,1563,143,1707
"52",2020-02-21,1504,18.116,24.4,32.2,28.3,1,1862,197,2059
"53",2020-02-22,1013,18.528,24.7,31.5,28.1,0,NA,NA,NA
"54",2020-02-23,1102,12.43,24.9,30.9,27.9,0,NA,NA,NA
"55",2020-02-24,1724,13.93,24.8,30.9,27.9,1,1634,176,1810
"56",2020-02-25,1802,9.138,24.5,32.4,28.4,1,1521,144,1668
"57",2020-02-26,1783,3.224,24.5,33.4,28.9,1,1426,150,1576
"58",2020-02-27,1760,3.458,25,33.9,29.5,1,1503,161,1665
"59",2020-02-28,1517,11.92,24.5,34.4,29.5,1,1700,158,1858
"60",2020-02-29,916,9.452,24.1,34.7,29.4,0,NA,NA,NA
"61",2020-03-01,1093,5.794,24.2,34.3,29.3,0,NA,NA,NA
"62",2020-03-02,1786,4.292,24.7,33.9,29.3,1,1769,170,1939
"63",2020-03-03,1916,1.984,24.5,33.4,29,1,1506,141,1647
"64",2020-03-04,2006,2.36,24.8,32.8,28.8,1,1644,161,1805
"65",2020-03-05,1876,5.55,25.2,32.5,28.8,1,1632,158,1790
"66",2020-03-06,1590,9.45,24.6,33.6,29.1,1,1857,144,2001
"67",2020-03-07,1046,10.486,24.2,33.6,28.9,0,NA,NA,NA
"68",2020-03-08,1136,7.048,24,33.4,28.7,0,NA,NA,NA
"69",2020-03-09,1682,18.238,24,31.9,27.9,1,1727,156,1883
"70",2020-03-10,1988,14.064,23.9,32.3,28.1,1,1550,168,1718
"71",2020-03-11,1881,10.464,25,31.8,28.4,1,1469,159,1628
"72",2020-03-12,1888,24.158,24.6,32,28.3,1,1685,162,1847
"73",2020-03-13,1612,22.076,23.1,32.9,28,1,1791,171,1964
"74",2020-03-14,1021,3.756,22.8,33.1,28,0,NA,NA,NA
"75",2020-03-15,1099,1.918,21.9,33.3,27.6,0,NA,NA,NA
"76",2020-03-16,1711,1.194,22.2,33.4,27.8,1,1757,184,1941
"77",2020-03-17,1860,1.464,22.5,33.3,27.9,1,1528,163,1691
"78",2020-03-18,2026,0.984,22.4,32.6,27.5,1,1507,161,1668
"79",2020-03-19,1930,3.284,22.4,32.4,27.4,1,1580,167,1747
"80",2020-03-20,1648,1.278,22,32.7,27.3,1,1656,160,1816
"81",2020-03-21,977,0.104,22,33.2,27.6,0,NA,NA,NA
"82",2020-03-22,1057,0.134,22.6,33.2,27.9,0,NA,NA,NA
"83",2020-03-23,1725,2.452,24.5,33.6,29,1,1615,157,1772
"84",2020-03-24,1945,5.098,24.4,32.6,28.5,1,1320,138,1458
"85",2020-03-25,2114,3.944,23.5,32.5,28,1,1216,193,1409
"86",2020-03-26,2072,0.894,23.8,33.1,28.5,1,1141,161,1302
"87",2020-03-27,1937,2.344,23.5,32.4,28,1,1395,161,1556
"88",2020-03-28,1141,5.064,22.9,32.9,27.9,0,NA,NA,NA
"89",2020-03-29,945,6.328,22.9,33.2,28.1,0,NA,NA,NA
"90",2020-03-30,1921,3.572,23.4,33.3,28.3,1,1104,137,1241
"91",2020-03-31,2130,2.65,23.1,33.5,28.3,1,943,119,1063
"92",2020-04-01,2571,3.312,22.1,33.6,27.8,1,1077,156,1235
"93",2020-04-02,2424,0.482,22,33.8,27.9,1,1172,158,1330
"94",2020-04-03,1860,0.568,22.6,33.8,28.2,1,1321,135,1456
"95",2020-04-04,1434,0.914,23.6,33.3,28.5,0,NA,1,1
"96",2020-04-05,1305,5.16,23.1,33.4,28.3,0,NA,NA,NA
"97",2020-04-06,2280,3.812,22.5,33,27.8,1,1392,151,1543
"98",2020-04-07,2685,1.976,21.5,33,27.3,1,1227,142,1369
"99",2020-04-08,2584,2.628,22.1,32.7,27.4,1,1301,148,1451
"100",2020-04-09,2278,0.05,21.9,31.6,26.8,1,1422,155,1577
"101",2020-04-10,1560,0.4,22.4,32.2,27.3,1,NA,NA,NA
"102",2020-04-11,1123,2.472,22.6,33.7,28.1,0,NA,NA,NA
"103",2020-04-12,927,0.472,21.7,33.5,27.6,0,NA,NA,NA
"104",2020-04-13,1365,0.018,21,34.1,27.5,1,NA,NA,NA
"105",2020-04-14,2376,0.19,21.9,34,27.9,1,1710,170,1880
"106",2020-04-15,2871,0.248,22.9,33.4,28.1,1,1355,160,1516
"107",2020-04-16,2482,0.572,22.7,33.6,28.1,1,1332,161,1493
"108",2020-04-17,2102,2.278,22.7,33.9,28.3,1,1326,146,1472
"109",2020-04-18,1235,1.192,22.4,34.4,28.4,0,NA,NA,NA
"110",2020-04-19,1380,0.12,22.8,34.2,28.5,0,NA,NA,NA
"111",2020-04-20,1964,0.264,21.5,34.9,28.2,1,1217,118,1335
"112",2020-04-21,2311,0.64,21.1,34.4,27.7,1,1063,130,1193
"113",2020-04-22,2401,0.404,22.2,34.1,28.1,1,975,156,1131
"114",2020-04-23,2277,0.154,21.3,33.4,27.4,1,1119,123,1242
"115",2020-04-24,1946,0.078,22.4,33.7,28,1,1256,127,1383
"116",2020-04-25,1170,0.004,20.9,33.3,27.1,0,NA,NA,NA
"117",2020-04-26,1210,0.33,21,33.6,27.3,0,NA,NA,NA
"118",2020-04-27,2180,1.002,22.7,33.4,28,1,1236,129,1365
"119",2020-04-28,2441,0.78,20.8,32.8,26.8,1,1160,119,1279
"120",2020-04-29,2337,0.664,20.6,33.1,26.9,1,1170,132,1302
"121",2020-04-30,2238,1.964,21.5,32,26.7,1,1261,125,1386
"122",2020-05-01,2016,1.248,20.3,31.1,25.7,1,1472,155,1627
"123",2020-05-02,1302,1.782,18.6,30.4,24.5,0,NA,NA,NA
"124",2020-05-03,1129,2.534,20.3,30.5,25.4,0,NA,NA,NA
"125",2020-05-04,1827,0.604,20.6,29.9,25.3,1,NA,NA,NA
"126",2020-05-05,2600,1.126,19.3,30.8,25.1,1,1756,199,1955
"127",2020-05-06,2828,0.07,18.6,30.6,24.6,1,1433,155,1588
"128",2020-05-07,2490,0.042,19.2,31.1,25.2,1,1468,175,1643
"129",2020-05-08,2170,0.032,19.4,31.3,25.4,1,1604,168,1772
"130",2020-05-09,1225,0.028,20.4,32.2,26.3,0,NA,1,1
"131",2020-05-10,1215,0.298,20,32,26,0,NA,NA,NA
"132",2020-05-11,2250,0.168,18.9,31.5,25.2,1,1613,198,1811
"133",2020-05-12,2443,0.594,19.6,31.4,25.5,1,1411,159,1570
"134",2020-05-13,2627,0.028,20.3,31.3,25.8,1,1396,164,1560
"135",2020-05-14,2399,0.01,20.4,31.1,25.7,1,1413,171,1584
"136",2020-05-15,2120,0.336,20.6,31.3,26,1,1468,170,1638
"137",2020-05-16,1292,0.166,19.9,31.2,25.5,0,NA,NA,NA
"138",2020-05-17,1303,0.028,20.1,30.6,25.3,0,NA,NA,NA
"139",2020-05-18,2226,0.028,20.3,31.4,25.8,1,1562,168,1730
"140",2020-05-19,2555,0.188,22.3,31.5,26.9,1,1400,152,1552
"141",2020-05-20,2327,0.048,23,31.9,27.5,1,1271,174,1446
"142",2020-05-21,2285,0.71,23,29.5,26.2,1,1311,166,1477
"143",2020-05-22,1943,3.78,21.6,26.6,24.1,1,1469,124,1593
"144",2020-05-23,1259,6.198,17.2,21.9,19.5,0,NA,1,1
"145",2020-05-24,1136,1.27,13.9,24.7,19.3,0,NA,NA,NA
"146",2020-05-25,2139,0.376,12.6,26.3,19.4,1,1458,156,1614
"147",2020-05-26,2204,0.004,14,28.2,21.1,1,1277,145,1422
"148",2020-05-27,2228,0,14.9,29.4,22.1,1,1252,141,1393
"149",2020-05-28,2078,0,16.5,30.2,23.4,1,1223,151,1374
"150",2020-05-29,1790,0,17.3,30.6,24,1,1378,137,1515
"151",2020-05-30,1092,0.004,17.4,30.8,24.1,0,NA,NA,NA
"152",2020-05-31,1145,0.004,18.2,31.6,24.9,0,NA,NA,NA
"153",2020-06-01,2121,0.002,17.7,31.5,24.6,1,1450,165,1615
"154",2020-06-02,2302,0,17.3,29.8,23.5,1,1265,169,1434
"155",2020-06-03,2233,0.008,16.4,29,22.7,1,1339,136,1475
"156",2020-06-04,2253,0,16.1,28.7,22.4,1,1384,162,1546
"157",2020-06-05,2000,0.006,17.5,30,23.7,1,1574,184,1758
"158",2020-06-06,1211,0.496,20.9,30.1,25.5,0,NA,NA,NA
"159",2020-06-07,1187,0.148,19,29.8,24.4,0,NA,NA,NA
"160",2020-06-08,2056,0.014,19.4,30.3,24.8,1,1568,180,1748
"161",2020-06-09,2315,0.066,18.8,30,24.4,1,1419,154,1573
"162",2020-06-10,2345,0.106,19.1,29.8,24.5,1,1408,138,1550
"163",2020-06-11,2217,0.012,17.7,30,23.8,1,1433,177,1621
"164",2020-06-12,1918,0.03,18.8,30.2,24.5,1,1501,133,1634
"165",2020-06-13,1182,0.11,20.6,31.9,26.3,0,NA,1,1
"166",2020-06-14,1435,0.22,21.2,32.1,26.6,0,NA,NA,NA
"167",2020-06-15,2328,0.162,20.5,31.6,26,1,1616,170,1786
"168",2020-06-16,2367,0.006,20.2,31,25.6,1,1474,170,1644
"169",2020-06-17,2241,0.006,19.7,30.4,25.1,1,1304,153,1457
"170",2020-06-18,2153,0.148,20.5,30.8,25.6,1,1393,143,1537
"171",2020-06-19,1897,0.062,20.3,29.8,25.1,1,1486,168,1654
"172",2020-06-20,1206,0.196,17.9,29.7,23.8,0,NA,NA,NA
"173",2020-06-21,1000,0.046,17.4,30.4,23.9,0,NA,NA,NA
"174",2020-06-22,2185,0.102,17.1,29.3,23.2,1,1542,172,1714
"175",2020-06-23,2180,0.08,15.8,29.4,22.6,1,1322,126,1451
"176",2020-06-24,2165,0.008,15.6,29.5,22.5,1,1336,150,1489
"177",2020-06-25,2114,0.176,18.1,29.2,23.6,1,1353,147,1500
"178",2020-06-26,1590,0.434,18.7,29.2,23.9,1,1380,136,1516
"179",2020-06-27,1208,0.126,17.1,29.6,23.3,0,NA,NA,NA
"180",2020-06-28,1266,0.092,16.3,29.6,23,0,NA,NA,NA
"181",2020-06-29,2034,0.074,17.4,30.6,24,1,1422,142,1564
"182",2020-06-30,2629,0.012,17.4,30.1,23.8,1,1284,158,1442
"183",2020-07-01,2170,0.002,16.6,29.5,23,1,1259,135,1394
"184",2020-07-02,1909,0.192,19,29.6,24.3,1,1363,113,1476
"185",2020-07-03,1986,0.238,18.3,30.4,24.4,1,1547,165,1712
"186",2020-07-04,1171,0.006,17,28.6,22.8,0,NA,NA,NA
"187",2020-07-05,1200,0.134,16,27,21.5,0,NA,NA,NA
"188",2020-07-06,2083,0.166,15.1,28.2,21.6,1,1485,141,1626
"189",2020-07-07,2449,0.012,16.5,29,22.7,1,1499,147,1646
"190",2020-07-08,2416,0.162,17.4,28.6,23,1,1410,200,1610
"191",2020-07-09,2290,0.072,17.6,30.1,23.8,1,1451,185,1636
"192",2020-07-10,2020,0.156,19.7,30.6,25.1,1,1567,141,1709
"193",2020-07-11,1290,0.36,18.6,30.8,24.7,0,NA,NA,NA
"194",2020-07-12,1402,0.016,18.2,29.8,24,0,NA,NA,NA
"195",2020-07-13,2403,0,18.4,29.1,23.7,1,1606,157,1763
"196",2020-07-14,2522,0.05,16.1,28.7,22.4,1,1459,165,1624
"197",2020-07-15,2611,0.046,14.9,29.1,22,1,1539,197,1736
"198",2020-07-16,2404,0.06,14.7,29.9,22.3,1,1610,186,1796
"199",2020-07-17,1886,0.006,12.7,29.3,21,1,1620,162,1782
"200",2020-07-18,1347,0,12.4,30,21.2,0,NA,NA,NA
"201",2020-07-19,1399,0,13.2,29.9,21.5,0,NA,NA,NA
"202",2020-07-20,2446,0.006,14.9,29.8,22.3,1,1556,168,1724
"203",2020-07-21,2451,0,18.5,29.6,24.1,1,1468,169,1637
"204",2020-07-22,2318,0.47,17.9,30,24,1,1262,141,1403
"205",2020-07-23,2075,0,16.9,29.8,23.3,1,1384,148,1532
"206",2020-07-24,1808,0.006,17.1,30.1,23.6,1,1463,141,1604
"207",2020-07-25,1112,0.024,17.3,30.5,23.9,0,NA,NA,NA
"208",2020-07-26,952,0.152,17.8,30.6,24.2,0,NA,NA,NA
"209",2020-07-27,2256,0.004,15.4,30.7,23.1,1,1518,166,1684
"210",2020-07-28,2090,0.01,14.6,29.9,22.3,1,1237,151,1394
"211",2020-07-29,1962,0.07,13.4,28.6,21,1,1198,170,1377
"212",2020-07-30,1929,0,13,29.6,21.3,1,1212,121,1333
"213",2020-07-31,1618,0.002,13.9,29,21.5,1,1302,152,1454
"214",2020-08-01,1202,0.196,14.5,29.3,21.9,0,NA,NA,NA
"215",2020-08-02,1303,0.658,16.8,28.9,22.9,0,NA,NA,NA
"216",2020-08-03,2348,0.324,16.5,30.3,23.4,1,1426,157,1583
"217",2020-08-04,2421,0.02,16,31.2,23.6,1,1360,134,1494
"218",2020-08-05,2368,0.03,16.1,30.5,23.3,1,1291,151,1443
"219",2020-08-06,2135,0.11,18.3,31.2,24.8,1,1337,147,1495
"220",2020-08-07,1895,1.952,20.2,30.9,25.5,1,1457,175,1636
"221",2020-08-08,1272,0.376,20.1,30.4,25.3,0,NA,NA,NA
"222",2020-08-09,1223,0.038,19.2,29.6,24.4,0,NA,NA,NA
"223",2020-08-10,2121,0.07,17.1,29.9,23.5,1,1340,118,1458
"224",2020-08-11,2379,0.01,16.8,31,23.9,1,1370,154,1524
"225",2020-08-12,2180,0.008,17,32.9,24.9,1,1292,168,1463
"226",2020-08-13,2078,0.002,17.4,33,25.2,1,1395,166,1561
"227",2020-08-14,1755,0,17.1,32.7,24.9,1,782,153,936
"228",2020-08-15,1114,0,17.8,31.5,24.7,0,NA,NA,NA
"229",2020-08-16,1290,0,15.7,31.9,23.8,0,NA,NA,NA
"230",2020-08-17,2185,0,14.3,31.5,22.9,1,1608,175,1783
"231",2020-08-18,2377,0,14.6,32.6,23.6,1,1407,164,1579
"232",2020-08-19,2355,0,14.7,32.5,23.6,1,1212,158,1382
"233",2020-08-20,2088,0,14.4,32.5,23.5,1,1357,158,1520
"234",2020-08-21,1717,0,14.6,32.9,23.8,1,1438,125,1563
"235",2020-08-22,1142,0,15.5,32.4,24,0,NA,NA,NA
"236",2020-08-23,1205,0,15.9,30.8,23.4,0,NA,NA,NA
"237",2020-08-24,1991,0,14.7,31.2,22.9,1,1429,140,1569
"238",2020-08-25,2135,0,16.1,31.5,23.8,1,1250,146,1396
"239",2020-08-26,2133,0,18.2,31.6,24.9,1,1157,156,1313
"240",2020-08-27,2058,0.016,16.9,31.2,24.1,1,1233,161,1394
"241",2020-08-28,1754,0.12,17.5,30.5,24,1,1384,135,1519
"242",2020-08-29,1128,0.012,18.5,30.4,24.5,0,NA,NA,NA
"243",2020-08-30,1154,0.356,20.6,31.4,26,0,NA,NA,NA
"244",2020-08-31,1992,0.174,20.6,32.6,26.6,1,1324,138,1462
"245",2020-09-01,2211,0.006,19.5,32.2,25.9,1,1146,142,1288
"246",2020-09-02,2226,0,18.5,31.8,25.2,1,1151,146,1298
"247",2020-09-03,1944,0.022,18.5,33.1,25.8,1,1239,144,1383
"248",2020-09-04,1731,0.02,19,32.9,26,1,1385,135,1520
"249",2020-09-05,1162,0.02,19.2,33.2,26.2,0,NA,NA,NA
"250",2020-09-06,1128,0,19.3,33.2,26.2,0,NA,NA,NA
"251",2020-09-07,2232,0,20.2,32.5,26.3,1,1426,148,1574
"252",2020-09-08,2307,0.032,20.9,32.5,26.7,1,1304,162,1468
"253",2020-09-09,2251,0.004,19.4,31.9,25.6,1,1284,140,1431
"254",2020-09-10,1971,0.004,19.3,32.1,25.7,1,1312,137,1452
"255",2020-09-11,1878,0.01,17.9,32.6,25.3,1,1337,150,1487
"256",2020-09-12,1162,0,18.4,32.3,25.3,0,NA,NA,NA
"257",2020-09-13,1231,0.006,18.5,31.8,25.1,0,NA,NA,NA
"258",2020-09-14,2100,0.012,19.8,32.4,26.1,1,1457,136,1593
"259",2020-09-15,2249,0.074,20.1,32.7,26.4,1,1254,148,1403
"260",2020-09-16,2329,0.022,19.8,33.1,26.4,1,1208,143,1351
"261",2020-09-17,2073,0.16,21.7,32.4,27.1,1,1393,125,1518
"262",2020-09-18,1593,0.45,23.9,33,28.4,1,1340,145,1485
"263",2020-09-19,1247,0.642,23.2,33.3,28.3,0,NA,NA,NA
"264",2020-09-20,1247,0.008,22.2,35.2,28.7,0,NA,NA,NA
"265",2020-09-21,1966,0.062,22,34.5,28.3,1,1307,137,1444
"266",2020-09-22,2133,1.796,21.3,34.6,27.9,1,1211,131,1342
"267",2020-09-23,2048,0.49,21.9,33.7,27.8,1,1062,136,1198
"268",2020-09-24,1944,0.042,20.3,34,27.2,1,1115,108,1223
"269",2020-09-25,1698,0,19.4,34.4,26.9,1,1249,114,1363
"270",2020-09-26,1082,0,19.3,34.9,27.1,0,NA,NA,NA
"271",2020-09-27,1006,0,20.5,35,27.8,0,NA,NA,NA
"272",2020-09-28,1930,0,19.7,35,27.4,1,1266,134,1400
"273",2020-09-29,1922,0,20.8,34.3,27.5,1,1129,118,1248
"274",2020-09-30,1979,0,20.9,34.2,27.5,1,1126,118,1244
"275",2020-10-01,2044,0,20.5,35.2,27.8,1,1270,123,1393
"276",2020-10-02,1917,0.004,21.4,34.1,27.7,1,1423,157,1581
"277",2020-10-03,1182,0.012,20.6,33.3,27,0,NA,NA,NA
"278",2020-10-04,1073,0.136,20.6,32.4,26.5,0,NA,NA,NA
"279",2020-10-05,1643,0.202,20.6,33.8,27.2,1,NA,NA,NA
"280",2020-10-06,2319,0.018,22.2,34.3,28.2,1,1713,184,1897
"281",2020-10-07,2543,0.042,20.9,34.3,27.6,1,1430,170,1600
"282",2020-10-08,2308,0.002,21.7,34.3,28,1,1520,148,1670
"283",2020-10-09,1956,0,20.2,35,27.6,1,1580,168,1749
"284",2020-10-10,1213,0,19.5,34.9,27.2,0,NA,NA,NA
"285",2020-10-11,1310,0.002,20.7,34.6,27.7,0,NA,NA,NA
"286",2020-10-12,2027,0,21.1,35.5,28.3,1,1419,149,1568
"287",2020-10-13,2170,0,22,36,29,1,1286,143,1448
"288",2020-10-14,2236,0.236,22.2,34.4,28.3,1,1210,134,1356
"289",2020-10-15,2237,0.19,22.7,34.5,28.6,1,1368,152,1525
"290",2020-10-16,1819,0,21.5,34.3,27.9,1,1505,154,1659
"291",2020-10-17,946,0.006,21.5,34.5,28,0,NA,NA,NA
"292",2020-10-18,1321,0,20.5,35.4,27.9,0,NA,NA,NA
"293",2020-10-19,1984,0,21.9,36.6,29.3,1,1452,161,1613
"294",2020-10-20,2296,0.004,21.9,37,29.4,1,1279,129,1408
"295",2020-10-21,2128,0,23.2,36.5,29.8,1,1142,146,1289
"296",2020-10-22,2017,0,22.8,36.7,29.8,1,1228,136,1364
"297",2020-10-23,1676,1.278,22.5,34.9,28.7,1,1262,133,1395
"298",2020-10-24,1032,3.748,22.4,34.9,28.6,0,NA,NA,NA
"299",2020-10-25,875,1.656,22.4,35.3,28.8,0,NA,NA,NA
"300",2020-10-26,1865,2.596,23.4,35.1,29.2,1,1245,137,1382
"301",2020-10-27,2062,1.046,22.5,34.2,28.4,1,1041,131,1172
"302",2020-10-28,2029,1.828,22.3,35.1,28.7,1,1048,140,1188
"303",2020-10-29,1865,1.062,20.4,35.7,28.1,1,1210,129,1339
"304",2020-10-30,1686,2.032,19.7,36.7,28.2,1,1327,133,1460
"305",2020-10-31,1142,1.148,21.7,36.5,29.1,0,NA,NA,NA
"306",2020-11-01,1212,0.006,20.4,37.6,29,0,NA,NA,NA
"307",2020-11-02,1998,0,21.6,37.7,29.6,1,1301,138,1439
"308",2020-11-03,2206,0,22.9,37.2,30,1,1155,108,1263
"309",2020-11-04,2253,0.064,23.5,36.8,30.1,1,1248,152,1402
"310",2020-11-05,2174,0.164,21.9,37.9,29.9,1,1276,132,1408
"311",2020-11-06,1893,0.048,22.6,37.4,30,1,1422,151,1573
"312",2020-11-07,1236,0.17,22,37.5,29.7,0,NA,NA,NA
"313",2020-11-08,1285,0.642,22.6,36.9,29.8,0,NA,NA,NA
"314",2020-11-09,2156,0.168,24.4,36.1,30.3,1,1419,128,1547
"315",2020-11-10,2358,0.548,24.3,36.2,30.2,1,1371,156,1527
"316",2020-11-11,2398,0.684,24.2,36.8,30.5,1,1250,133,1390
"317",2020-11-12,2168,1.836,24.2,34.5,29.4,1,1329,146,1475
"318",2020-11-13,1878,0.46,24.3,36.3,30.3,1,1381,155,1536
"319",2020-11-14,1154,0.434,24.4,37.1,30.7,0,NA,1,1
"320",2020-11-15,1114,0.216,23.8,37.7,30.8,0,NA,NA,NA
"321",2020-11-16,2136,0.074,24.1,37.9,31,1,1444,145,1589
"322",2020-11-17,2189,0.356,24.4,37.3,30.8,1,1245,135,1382
"323",2020-11-18,2150,0.056,23.9,37.3,30.6,1,1237,151,1390
"324",2020-11-19,2094,0.204,24.4,36.3,30.3,1,1278,150,1429
"325",2020-11-20,1867,1.286,23.9,36.1,30,1,1484,135,1619
"326",2020-11-21,1201,0.056,24.6,36.1,30.3,0,NA,NA,NA
"327",2020-11-22,1171,0,23.6,36.3,29.9,0,NA,NA,NA
"328",2020-11-23,1930,0,23.9,37.5,30.7,1,1373,156,1529
"329",2020-11-24,1987,0.196,24.5,37.6,31,1,1154,118,1272
"330",2020-11-25,2179,1.632,24.4,36.2,30.3,1,1212,134,1351
"331",2020-11-26,1942,12.244,22.4,36.9,29.7,1,1229,128,1362
"332",2020-11-27,1609,7.542,23,35.7,29.4,1,1358,135,1493
"333",2020-11-28,1089,2.11,23,35.4,29.2,0,NA,NA,NA
"334",2020-11-29,1127,1.826,23.9,35.8,29.9,0,NA,NA,NA
"335",2020-11-30,1925,3.092,24.9,36.7,30.8,1,1268,149,1417
"336",2020-12-01,2292,0.044,25.3,37.6,31.5,1,1211,126,1337
"337",2020-12-02,2199,2.156,25.7,37.6,31.6,1,1205,144,1350
"338",2020-12-03,2194,2.704,25.1,36.6,30.8,1,1377,149,1526
"339",2020-12-04,1753,5.662,24.8,36.6,30.7,1,1480,154,1634
"340",2020-12-05,1352,0.026,24,37.1,30.6,0,1,NA,1
"341",2020-12-06,1316,0.018,24.9,37.8,31.4,0,NA,NA,NA
"342",2020-12-07,2165,0.35,25.4,37.8,31.6,1,1511,135,1646
"343",2020-12-08,2330,2.702,25.5,37,31.2,1,1331,166,1500
"344",2020-12-09,2314,2.308,24.8,37.2,31,1,1231,150,1383
"345",2020-12-10,2310,4.422,24.6,36.7,30.7,1,1386,167,1556
"346",2020-12-11,1989,5.796,24.8,34.1,29.4,1,1503,151,1654
"347",2020-12-12,1263,6.368,24.2,34.5,29.4,0,NA,NA,NA
"348",2020-12-13,1229,11.166,24.4,34.7,29.6,0,NA,NA,NA
"349",2020-12-14,2040,4.256,24.6,34.4,29.5,1,1419,173,1592
"350",2020-12-15,2256,6.202,24.4,35.5,30,1,1367,174,1541
"351",2020-12-16,2290,4.862,24.4,35.2,29.8,1,1193,166,1359
"352",2020-12-17,2135,4.532,25.2,34.6,29.9,1,1349,169,1518
"353",2020-12-18,1873,6.504,25.3,35.5,30.4,1,1377,143,1520
"354",2020-12-19,1332,5.698,24.4,36.3,30.4,0,NA,NA,NA
"355",2020-12-20,1206,5.87,24.5,35.7,30.1,0,NA,NA,NA
"356",2020-12-21,1893,4.342,24.8,34.8,29.8,1,1421,71,1492
"357",2020-12-22,1929,9.71,24.6,34.7,29.6,1,1217,75,1292
"358",2020-12-23,1842,5.786,24.6,34.8,29.7,1,1020,69,1089
"359",2020-12-24,1413,6.458,24.7,35.2,29.9,1,733,40,773
"360",2020-12-25,524,13.348,24.8,32.4,28.6,1,NA,NA,NA
"361",2020-12-26,957,9.044,24.7,33.1,28.9,0,NA,NA,NA
"362",2020-12-27,978,10.142,24.6,33.1,28.9,0,NA,NA,NA
"363",2020-12-28,1269,8.816,24.7,33.2,28.9,1,NA,NA,NA
"364",2020-12-29,1651,25.634,23.9,32.2,28,1,912,8,920
"365",2020-12-30,2206,19.938,23.8,32.7,28.3,1,720,6,726
"366",2020-12-31,1755,8.118,24.5,32.9,28.7,1,686,12,698
"367",2021-01-01,1386,12.158,24.4,32.1,28.3,1,NA,NA,NA
"368",2021-01-02,1453,11.848,24.2,32.9,28.6,0,NA,NA,NA
"369",2021-01-03,1508,15.512,24.7,30.7,27.7,0,NA,NA,NA
"370",2021-01-04,2536,21.156,23.9,30.9,27.4,1,1823,208,2031
"371",2021-01-05,2654,10.834,24.4,33.1,28.7,1,1519,173,1692
"372",2021-01-06,2662,4.592,25.3,34.1,29.7,1,1416,181,1597
"373",2021-01-07,2672,2.874,25,34.1,29.6,1,1522,171,1693
"374",2021-01-08,2066,5.346,25,34.8,29.9,1,1389,169,1558
"375",2021-01-09,1593,13.134,24.6,33.6,29.1,0,NA,NA,NA
"376",2021-01-10,1585,13.222,24.6,33.5,29.1,0,NA,NA,NA
"377",2021-01-11,2610,9.344,24.5,33.4,28.9,1,1103,154,1257
"378",2021-01-12,2673,4.816,25.3,34.1,29.7,1,1360,164,1524
"379",2021-01-13,2654,6.91,25.3,33.6,29.4,1,1319,180,1499
"380",2021-01-14,2508,16.56,24.9,33.4,29.1,1,1393,151,1544
"381",2021-01-15,2132,12.254,24,33.6,28.8,1,1517,155,1672
"382",2021-01-16,1399,6.868,23.8,34,28.9,0,NA,NA,NA
"383",2021-01-17,1442,2.758,24.7,35.1,29.9,0,NA,NA,NA
"384",2021-01-18,2167,3.442,25.3,34.2,29.8,1,1473,158,1631
"385",2021-01-19,2424,11.206,25.5,34.5,30,1,1288,139,1427
"386",2021-01-20,2609,14.722,24.9,33.5,29.2,1,1274,129,1403
"387",2021-01-21,2354,20.448,24.5,32.5,28.5,1,1381,178,1559
"388",2021-01-22,1900,15.628,23.5,33.4,28.5,1,1411,151,1562
"389",2021-01-23,1171,5.29,24.3,33.2,28.7,0,NA,1,1
"390",2021-01-24,1157,20.896,23.7,33.1,28.4,0,NA,NA,NA
"391",2021-01-25,2026,10.082,24,32.6,28.3,1,1451,126,1577
"392",2021-01-26,1636,10.688,24.9,31.8,28.3,1,NA,NA,NA
"393",2021-01-27,2304,19.542,23.7,32.1,27.9,1,1261,149,1410
"394",2021-01-28,2461,29.076,24.8,32.2,28.5,1,1417,142,1559
"395",2021-01-29,1977,27.396,24.4,32.8,28.6,1,1468,165,1633
"396",2021-01-30,1348,12.878,24.5,33.8,29.1,0,NA,NA,NA
"397",2021-01-31,1163,13.438,24.5,34.2,29.4,0,NA,NA,NA
"398",2021-02-01,2255,5.168,24.9,34.4,29.7,1,1413,157,1570
"399",2021-02-02,2346,4.79,25,34.2,29.6,1,1184,133,1317
"400",2021-02-03,2457,7.828,24.1,33.4,28.8,1,1205,156,1362
"401",2021-02-04,2307,11.464,23.8,33.4,28.6,1,1358,131,1489
"402",2021-02-05,2022,7.746,25.1,32.9,29,1,1394,153,1547
"403",2021-02-06,1278,10.26,25.4,32.9,29.1,0,NA,NA,NA
"404",2021-02-07,1379,12.314,25.1,31.8,28.4,0,NA,NA,NA
"405",2021-02-08,2037,6.332,25.4,33.2,29.3,1,1333,159,1492
"406",2021-02-09,2294,5.456,24.9,32.9,28.9,1,1228,133,1361
"407",2021-02-10,2339,6.062,24.7,33.4,29.1,1,1175,144,1320
"408",2021-02-11,2150,8.708,24.9,32.7,28.8,1,1286,170,1456
"409",2021-02-12,1909,10.644,24.6,33.1,28.9,1,1428,166,1594
"410",2021-02-13,1281,4.138,25,33.1,29,0,NA,NA,NA
"411",2021-02-14,1327,8.116,25.2,32.9,29,0,NA,NA,NA
"412",2021-02-15,2120,10.182,24.7,32.2,28.4,1,1374,130,1504
"413",2021-02-16,2292,15.112,24.1,32.3,28.2,1,1240,132,1376
"414",2021-02-17,2460,15.818,23.6,31.6,27.6,1,1287,148,1438
"415",2021-02-18,2229,12.712,23.9,29.7,26.8,1,1227,136,1369
"416",2021-02-19,1855,15.734,23.5,29.9,26.7,1,1396,128,1524
"417",2021-02-20,1261,16.23,23.5,29.9,26.7,0,NA,NA,NA
"418",2021-02-21,1289,14.51,23.3,31.1,27.2,0,NA,NA,NA
"419",2021-02-22,2006,12.122,23.5,33.3,28.4,1,1305,163,1468
"420",2021-02-23,2117,4.416,24.3,34.2,29.2,1,1171,127,1298
"421",2021-02-24,2270,10.826,23.2,33.7,28.4,1,1064,132,1198
"422",2021-02-25,2177,10.858,23.3,32.5,27.9,1,1192,159,1351
"423",2021-02-26,1840,7.306,24.1,32.5,28.3,1,1377,144,1521
"424",2021-02-27,1349,7.646,24.3,32.6,28.5,0,NA,NA,NA
"425",2021-02-28,1352,17.54,24.8,32.2,28.5,0,NA,NA,NA
"426",2021-03-01,2085,16.328,23.8,32,27.9,1,1308,149,1457
"427",2021-03-02,2443,20.682,23.7,32.4,28.1,1,1271,131,1408
"428",2021-03-03,2542,21.76,22.8,31.7,27.3,1,1210,161,1376
"429",2021-03-04,2343,19.058,22.9,33.6,28.3,1,1323,143,1470
"430",2021-03-05,1871,0.352,22.6,34,28.3,1,1479,152,1632
"431",2021-03-06,1318,3.39,23.3,34,28.6,0,NA,NA,NA
"432",2021-03-07,1332,6.302,23.7,33.3,28.5,0,NA,NA,NA
"433",2021-03-08,1999,6.79,23.6,32.4,28,1,1389,160,1549
"434",2021-03-09,2393,2.466,23.3,33,28.1,1,1305,131,1444
"435",2021-03-10,2310,3.32,23.5,33.6,28.6,1,1177,139,1322
"436",2021-03-11,2145,2.968,22.6,33.7,28.1,1,1239,137,1380
"437",2021-03-12,1899,7.604,23.1,34,28.6,1,1377,134,1515
"438",2021-03-13,1233,0.258,23.8,33.9,28.9,0,NA,1,1
"439",2021-03-14,1283,7.066,23.8,33.8,28.8,0,NA,NA,NA
"440",2021-03-15,2052,5.202,23.5,33.6,28.6,1,1406,165,1571
"441",2021-03-16,2173,5.254,23.6,32.7,28.2,1,1286,136,1424
"442",2021-03-17,2296,12.232,23.6,32.1,27.8,1,1121,141,1266
"443",2021-03-18,2186,10.536,23.2,32.7,28,1,1293,145,1438
"444",2021-03-19,1810,5.524,23.4,32.6,28,1,1336,138,1474
"445",2021-03-20,1246,3.1,23.2,32.5,27.9,0,NA,NA,NA
"446",2021-03-21,1284,3.778,22.3,32.9,27.6,0,NA,NA,NA
"447",2021-03-22,1921,2.012,23.3,33.7,28.5,1,1242,134,1376
"448",2021-03-23,2070,0.38,23.8,34,28.9,1,987,104,1093
"449",2021-03-24,2095,1.99,24.4,32.9,28.7,1,1186,127,1322
"450",2021-03-25,1938,1.378,24.3,34,29.2,1,1189,136,1328
"451",2021-03-26,1498,0.814,24.1,34.2,29.1,1,1274,132,1408
"452",2021-03-27,1157,3.454,23.6,33.6,28.6,0,NA,NA,NA
"453",2021-03-28,1143,1.73,24.2,34,29.1,0,NA,NA,NA
"454",2021-03-29,1687,3.376,24.2,34,29.1,1,1292,138,1430
"455",2021-03-30,1927,4.912,23.5,32.4,28,1,701,99,800
"456",2021-03-31,2351,7.142,22.5,31.5,27,1,822,133,955
"457",2021-04-01,2051,10.512,22.9,32,27.5,1,1053,125,1178
"458",2021-04-02,1374,4.806,21.9,31.6,26.7,1,NA,NA,NA
"459",2021-04-03,987,2.28,21.8,31.6,26.7,0,NA,NA,NA
"460",2021-04-04,947,8.394,21.3,31.4,26.3,0,NA,NA,NA
"461",2021-04-05,1387,0.496,22.3,33.6,27.9,1,NA,2,2
"462",2021-04-06,2217,1.454,23.4,33.9,28.7,1,1540,163,1703
"463",2021-04-07,2614,3.784,23.2,34.2,28.7,1,1306,161,1467
"464",2021-04-08,2301,3.172,23.2,33.8,28.5,1,1379,142,1521
"465",2021-04-09,2025,18.61,22.5,33.6,28,1,1356,124,1480
"466",2021-04-10,1210,1.412,22.1,34.1,28.1,0,NA,NA,NA
"467",2021-04-11,1245,2.01,22.5,33.7,28.1,0,NA,NA,NA
"468",2021-04-12,1973,3.29,21.1,33.2,27.2,1,1401,150,1552
"469",2021-04-13,2193,0.476,20.7,33.4,27,1,1187,142,1333
"470",2021-04-14,2490,0.762,21.6,33.2,27.4,1,1194,138,1336
"471",2021-04-15,2229,0.052,21.8,33.2,27.5,1,1356,125,1485
"472",2021-04-16,2035,0.036,20.4,33.2,26.8,1,1308,140,1448
"473",2021-04-17,1183,0.122,21.1,33.1,27.1,0,NA,NA,NA
"474",2021-04-18,1301,1.736,22.5,32.5,27.5,0,NA,NA,NA
"475",2021-04-19,2134,17.32,22.4,32.3,27.4,1,1343,141,1485
"476",2021-04-20,2263,5.066,22.7,32.5,27.6,1,1257,120,1382
"477",2021-04-21,2126,5.042,23.4,32.1,27.7,1,1160,134,1295
"478",2021-04-22,1972,10.642,22.9,31.6,27.3,1,1191,139,1330
"479",2021-04-23,1737,11.34,22,31.5,26.8,1,1308,135,1443
"480",2021-04-24,1045,11.728,22.6,31.8,27.2,0,NA,NA,NA
"481",2021-04-25,952,7.328,23.5,31.5,27.5,0,NA,NA,NA
"482",2021-04-26,1456,10.7,23.4,30.5,27,1,NA,NA,NA
"483",2021-04-27,2001,5.008,23.2,30.6,26.9,1,1396,165,1561
"484",2021-04-28,2320,5.088,21.2,29.7,25.4,1,1292,115,1408
"485",2021-04-29,2039,5.686,19.9,30.9,25.4,1,1292,138,1430
"486",2021-04-30,1686,0.71,20.6,31.1,25.9,1,1280,131,1411
"487",2021-05-01,1252,0.172,20.7,30.8,25.8,0,NA,NA,NA
"488",2021-05-02,1103,0.394,20.8,31.3,26,0,NA,NA,NA
"489",2021-05-03,1605,0.224,20.3,31.5,25.9,1,NA,NA,NA
"490",2021-05-04,2235,0.016,20.3,31.3,25.8,1,1605,190,1795
"491",2021-05-05,2376,0.004,20.2,31.7,26,1,1215,151,1366
"492",2021-05-06,2190,0.004,18.4,30.7,24.6,1,1414,147,1561
"493",2021-05-07,1920,0,17,31,24,1,1385,127,1515
"494",2021-05-08,1180,0,18.8,31.3,25.1,0,NA,NA,NA
"495",2021-05-09,1168,0.002,19.5,31.6,25.5,0,NA,2,2
"496",2021-05-10,2073,0.86,21.3,32.2,26.7,1,1466,178,1644
"497",2021-05-11,2248,1.008,21.3,31.2,26.3,1,1374,136,1512
"498",2021-05-12,2302,0.364,21.1,32,26.6,1,1167,159,1326
"499",2021-05-13,2235,0.264,19.9,31.9,25.9,1,1357,150,1510
"500",2021-05-14,1820,0.004,19,31.4,25.2,1,1332,126,1461
"501",2021-05-15,1314,0.154,18.4,31,24.7,0,NA,NA,NA
"502",2021-05-16,1322,0.054,19,29.8,24.4,0,NA,NA,NA
"503",2021-05-17,2013,0,17.8,30,23.9,1,1378,145,1523
"504",2021-05-18,2345,0.166,19.4,30.4,24.9,1,1228,128,1366
"505",2021-05-19,2283,0.134,20.9,30.8,25.8,1,1178,125,1308
"506",2021-05-20,2152,0.256,20.4,30.7,25.5,1,1252,151,1405
"507",2021-05-21,1818,0.048,20.1,30.2,25.1,1,1324,140,1466
"508",2021-05-22,1153,0.098,20.4,30.4,25.4,0,NA,NA,NA
"509",2021-05-23,1182,0.056,19.4,30.4,24.9,0,NA,NA,NA
"510",2021-05-24,2020,0.198,20.1,30.1,25.1,1,1429,128,1557
"511",2021-05-25,2144,0.07,19.5,30.1,24.8,1,1188,127,1315
"512",2021-05-26,2154,0.008,18.2,29.6,23.9,1,1206,145,1351
"513",2021-05-27,1973,0.04,18.2,29.4,23.8,1,1190,124,1314
"514",2021-05-28,1707,0.202,16.7,29.3,23,1,1379,126,1507
"515",2021-05-29,1178,0.044,17.8,28.6,23.2,0,NA,NA,NA
"516",2021-05-30,1197,0.1,16.8,28.9,22.9,0,NA,NA,NA
"517",2021-05-31,1867,0.124,18.5,29.8,24.2,1,1323,140,1463
"518",2021-06-01,2170,0.224,18.5,29.8,24.1,1,1245,134,1379
"519",2021-06-02,2251,0.048,18,29.9,24,1,1149,155,1305
"520",2021-06-03,2019,0.094,17.8,29.6,23.7,1,1210,134,1344
"521",2021-06-04,1777,0.018,16.9,29.1,23,1,1406,119,1525
"522",2021-06-05,1215,0.002,17.5,28.9,23.2,0,NA,1,1
"523",2021-06-06,1262,0.072,18.2,28.1,23.1,0,NA,NA,NA
"524",2021-06-07,1976,0.01,17,29.7,23.3,1,1340,125,1465
"525",2021-06-08,2235,0.044,18,30.4,24.2,1,1217,152,1370
"526",2021-06-09,2161,0.048,17.7,28.2,22.9,1,1190,141,1333
"527",2021-06-10,2164,0.01,14.8,27.8,21.3,1,1243,118,1361
"528",2021-06-11,1863,0.024,15.8,28.4,22.1,1,1383,138,1521
"529",2021-06-12,1302,0.388,17.9,30.4,24.1,0,NA,NA,NA
"530",2021-06-13,1325,0.038,19.8,31.4,25.6,0,NA,NA,NA
"531",2021-06-14,2190,0,19,31.7,25.3,1,1426,122,1548
"532",2021-06-15,2484,0.046,19.1,32.2,25.7,1,1267,133,1400
"533",2021-06-16,2444,0.036,21,32.4,26.7,1,1271,154,1425
"534",2021-06-17,2287,0.266,19.8,31.1,25.4,1,1226,133,1359
"535",2021-06-18,1959,0,18.6,29.8,24.2,1,1469,137,1606
"536",2021-06-19,1291,0.248,17,26.8,21.9,0,NA,NA,NA
"537",2021-06-20,1289,0.344,15.8,28,21.9,0,NA,NA,NA
"538",2021-06-21,2101,0,15.7,29,22.4,1,1433,151,1584
"539",2021-06-22,2279,0,16.6,29.4,23,1,1207,125,1338
"540",2021-06-23,2394,0.032,18.2,29.7,24,1,1214,121,1341
"541",2021-06-24,2315,0.102,18.7,29.3,24,1,1303,147,1452
"542",2021-06-25,1763,2.668,17.8,27.4,22.6,1,1348,150,1498
"543",2021-06-26,1424,0.546,17.1,28.2,22.6,0,NA,NA,NA
"544",2021-06-27,1201,0.086,17.7,28.7,23.2,0,NA,NA,NA
"545",2021-06-28,2012,0.11,18.2,29.4,23.8,1,1332,124,1456
"546",2021-06-29,2190,0.098,19,30.5,24.8,1,1233,125,1358
"547",2021-06-30,2555,0.18,20,30.3,25.2,1,634,103,742
"548",2021-07-01,2421,0.228,20.8,29.9,25.4,1,704,105,809
"549",2021-07-02,2003,0.636,19,29.8,24.4,1,872,113,985
"550",2021-07-03,1407,0.008,17.2,28.7,22.9,0,NA,NA,NA
"551",2021-07-04,1269,0.118,16.8,28.4,22.6,0,NA,NA,NA
"552",2021-07-05,2123,0.062,17.2,28.7,23,1,1437,148,1585
"553",2021-07-06,2310,0.176,18.2,29.9,24.1,1,1380,122,1502
"554",2021-07-07,2523,0.422,18.3,30.6,24.5,1,1239,151,1390
"555",2021-07-08,2276,0.346,19,31.1,25,1,1262,133,1395
"556",2021-07-09,2092,0.154,18.1,30.5,24.3,1,1318,118,1436
"557",2021-07-10,1304,0.1,18.6,30.1,24.4,0,NA,NA,NA
"558",2021-07-11,1285,0.074,18.6,29.9,24.2,0,NA,NA,NA
"559",2021-07-12,2119,0.202,17.9,29.5,23.7,1,1382,147,1529
"560",2021-07-13,2525,0.176,18.1,30,24.1,1,1231,135,1371
"561",2021-07-14,2766,0.092,19.3,30.4,24.9,1,1257,143,1400
"562",2021-07-15,2652,0.428,19.3,31.9,25.6,1,1316,142,1458
"563",2021-07-16,2286,0.11,20.4,31.1,25.7,1,1399,141,1540
"564",2021-07-17,1350,0.178,18.3,30.7,24.5,0,NA,NA,NA
"565",2021-07-18,1503,0.086,18.3,30.5,24.4,0,NA,NA,NA
"566",2021-07-19,2125,0.002,18.6,30.8,24.7,1,1404,136,1540
"567",2021-07-20,2365,0.002,16.8,30.4,23.6,1,1288,135,1423
"568",2021-07-21,2362,0.016,16.2,30.1,23.2,1,1145,148,1293
"569",2021-07-22,2186,0,15.6,30.4,23,1,1165,148,1313
"570",2021-07-23,1988,0.004,16.5,31.2,23.8,1,1326,134,1460
"571",2021-07-24,1292,0,15.4,31.4,23.4,0,NA,NA,NA
"572",2021-07-25,1360,0,16.3,30.4,23.3,0,NA,NA,NA
"573",2021-07-26,2069,0,16,30.5,23.2,1,1258,119,1377
"574",2021-07-27,2209,0,17.3,30.9,24.1,1,1093,132,1236
"575",2021-07-28,2228,0,17.3,31.3,24.3,1,1057,104,1165
"576",2021-07-29,2101,0.266,17.8,33,25.4,1,1157,119,1278
"577",2021-07-30,1766,0.03,17.8,33.2,25.5,1,1156,101,1257
"578",2021-07-31,1238,0.228,18.8,32.2,25.5,0,NA,NA,NA
"579",2021-08-01,1595,1.522,18.9,31.6,25.2,0,NA,NA,NA
"580",2021-08-02,2301,0.04,18.9,31.8,25.4,1,830,122,952
"581",2021-08-03,2689,0,17,30.2,23.6,1,824,116,940
"582",2021-08-04,2606,0.074,17.1,29.9,23.5,1,921,111,1032
"583",2021-08-05,2591,0,15.8,28.9,22.4,1,892,111,1003
"584",2021-08-06,2232,0,15.8,27.1,21.5,1,1052,115,1167
"585",2021-08-07,1523,0.004,14.5,28.5,21.5,0,NA,NA,NA
"586",2021-08-08,1583,0.006,16.4,30,23.2,0,NA,NA,NA
"587",2021-08-09,2245,0.108,18.3,30.1,24.2,1,1246,121,1367
"588",2021-08-10,2624,0.07,18.5,30.6,24.6,1,1299,155,1454
"589",2021-08-11,2386,0.33,18.5,31.4,24.9,1,1240,131,1371
"590",2021-08-12,2167,0.144,18.7,31.6,25.2,1,1274,135,1409
"591",2021-08-13,1819,0.57,21.1,30.6,25.9,1,1350,154,1505
"592",2021-08-14,1226,0.934,20.6,31.6,26.1,0,NA,NA,NA
"593",2021-08-15,1368,0.044,21,31.6,26.3,0,NA,NA,NA
"594",2021-08-16,2283,0.004,19.8,31.8,25.8,1,1470,119,1589
"595",2021-08-17,2465,0.078,19.3,31,25.2,1,1230,136,1366
"596",2021-08-18,2344,0.2,18.5,30.9,24.7,1,1177,129,1307
"597",2021-08-19,2330,0,17.2,30.8,24,1,1264,141,1405
"598",2021-08-20,1874,0.064,16.7,31.3,24,1,1303,115,1418
"599",2021-08-21,1333,0.062,19.6,32.3,25.9,0,NA,NA,NA
"600",2021-08-22,1140,0.13,21.3,32.2,26.7,0,NA,NA,NA
"601",2021-08-23,2133,0.348,21.9,32.9,27.4,1,1267,123,1391
"602",2021-08-24,2277,0.012,18.6,30.8,24.7,1,1087,134,1221
"603",2021-08-25,2088,0.118,17.3,30.9,24.1,1,1057,124,1181
"604",2021-08-26,2043,0,17.6,31.7,24.6,1,1120,125,1245
"605",2021-08-27,1731,0.008,17.3,32.2,24.7,1,1083,126,1213
"606",2021-08-28,1185,0.062,18.6,32.8,25.7,0,NA,NA,NA
"607",2021-08-29,1246,0.08,19.7,32.8,26.2,0,NA,NA,NA
"608",2021-08-30,1929,0.1,20.3,33.1,26.7,1,1185,121,1306
"609",2021-08-31,2103,0.128,21.8,33.7,27.7,1,1060,127,1190
"610",2021-09-01,2171,0.008,23.2,32.4,27.8,1,1052,113,1168
"611",2021-09-02,2098,1.196,22.2,30.1,26.1,1,1195,141,1336
"612",2021-09-03,1850,0.838,20.1,31.4,25.8,1,1290,105,1396
"613",2021-09-04,1311,0.036,19.2,32.5,25.8,0,NA,NA,NA
"614",2021-09-05,1191,0.022,19.4,31.9,25.7,0,NA,NA,NA
"615",2021-09-06,2195,0.01,19.2,30.8,25,1,1350,134,1484
"616",2021-09-07,2420,0.004,19.5,30.7,25.1,1,1253,125,1379
"617",2021-09-08,2446,0.112,19.4,29.8,24.6,1,1137,153,1290
"618",2021-09-09,2168,0.248,19.9,30.2,25.1,1,1233,122,1355
"619",2021-09-10,1754,0.188,19.4,30.8,25.1,1,1324,118,1442
"620",2021-09-11,1294,1.054,21.2,31.2,26.2,0,NA,NA,NA
"621",2021-09-12,1355,0.788,21.8,33.3,27.5,0,NA,NA,NA
"622",2021-09-13,2143,0.104,20.6,35.2,27.9,1,1338,147,1485
"623",2021-09-14,2447,0,20.3,34.9,27.6,1,1203,119,1322
"624",2021-09-15,2423,0.002,19.8,34.9,27.4,1,1240,146,1386
"625",2021-09-16,2248,0,18.7,33.7,26.2,1,1198,122,1320
"626",2021-09-17,1968,0,18.9,33.1,26,1,1388,127,1515
"627",2021-09-18,1344,0,18.7,32.1,25.4,0,NA,NA,NA
"628",2021-09-19,1364,0.026,18.1,32.5,25.3,0,NA,NA,NA
"629",2021-09-20,2067,0.066,19.7,33.8,26.8,1,1318,132,1450
"630",2021-09-21,2298,0.036,18.9,33.6,26.2,1,1193,139,1333
"631",2021-09-22,2131,0.004,17,30.7,23.9,1,1158,113,1275
"632",2021-09-23,2185,0.002,16.9,30.7,23.8,1,1149,122,1274
"633",2021-09-24,1845,0.014,17.7,32,24.9,1,1255,118,1373
"634",2021-09-25,1161,0.008,19.2,33.1,26.1,0,NA,NA,NA
"635",2021-09-26,1242,0.042,20.6,34.3,27.4,0,NA,NA,NA
"636",2021-09-27,1954,0.124,20.8,35.2,28,1,1305,120,1427
"637",2021-09-28,2122,0,20.4,34.8,27.6,1,1125,114,1241
"638",2021-09-29,2185,0,22.9,34.5,28.7,1,1090,103,1195
"639",2021-09-30,2063,0.21,22,35,28.5,1,1134,115,1255
"640",2021-10-01,1904,0.042,21,34.8,27.9,1,1362,123,1485
"641",2021-10-02,1361,0,20.3,35.6,28,0,NA,NA,NA
"642",2021-10-03,1131,0,20.7,36.6,28.7,0,NA,NA,NA
"643",2021-10-04,1709,0.448,22,36.2,29.1,1,NA,NA,NA
"644",2021-10-05,2407,0,21.8,36.7,29.3,1,1605,168,1773
"645",2021-10-06,2767,0,22.1,36.7,29.4,1,1347,166,1513
"646",2021-10-07,2529,0,20.8,36.4,28.6,1,1416,160,1576
"647",2021-10-08,2075,0,22,36.6,29.3,1,1472,158,1630
"648",2021-10-09,1404,0.088,22.6,35.9,29.2,0,NA,NA,NA
"649",2021-10-10,1433,0.166,23,35.7,29.3,0,NA,NA,NA
"650",2021-10-11,2195,0.204,21.6,33.7,27.7,1,1415,169,1584
"651",2021-10-12,2331,0.112,22.5,35.3,28.9,1,1287,149,1437
"652",2021-10-13,2560,0,22,36.6,29.3,1,1233,144,1382
"653",2021-10-14,2409,0.582,23.2,36.5,29.9,1,1226,151,1377
"654",2021-10-15,2102,1.742,23.3,34.5,28.9,1,1360,144,1504
"655",2021-10-16,1354,1.854,21.6,35.7,28.6,0,NA,NA,NA
"656",2021-10-17,1389,0.218,20.9,36.7,28.8,0,NA,NA,NA
"657",2021-10-18,2246,0.004,21.4,37.2,29.3,1,1344,136,1480
"658",2021-10-19,2428,0.004,22,37.8,29.9,1,1253,156,1413
"659",2021-10-20,2310,0,22.9,37.8,30.3,1,1233,121,1364
"660",2021-10-21,2220,1.806,23.1,37.1,30.1,1,1263,128,1393
"661",2021-10-22,1830,0.814,23.5,37,30.3,1,1363,127,1490
"662",2021-10-23,1274,3.44,23.4,35.4,29.4,0,NA,NA,NA
"663",2021-10-24,1302,1.012,22.6,36.5,29.5,0,NA,NA,NA
"664",2021-10-25,2037,0.18,22.7,35.1,28.9,1,1245,157,1402
"665",2021-10-26,2221,0.006,24.2,37.3,30.7,1,1009,125,1137
"666",2021-10-27,2286,0.08,24.3,36.8,30.6,1,1190,130,1323
"667",2021-10-28,2133,0.24,24.1,36.3,30.2,1,1260,130,1395
"668",2021-10-29,1832,2.436,22.8,35.1,29,1,943,120,1063
"669",2021-10-30,1176,1.342,23.2,36,29.6,0,NA,NA,NA
"670",2021-10-31,1072,0.008,24.1,37.2,30.6,0,NA,NA,NA
"671",2021-11-01,2138,1.61,25.4,37,31.2,1,1376,141,1517
"672",2021-11-02,2384,0.69,25.1,36.4,30.8,1,1065,102,1168
"673",2021-11-03,2452,0.818,24.8,35.9,30.3,1,1275,143,1418
"674",2021-11-04,2352,1.056,24.2,35.9,30,1,1408,132,1540
"675",2021-11-05,2032,0.04,23.2,36,29.6,1,1441,135,1576
"676",2021-11-06,1326,0.182,23.4,36.7,30,0,NA,NA,NA
"677",2021-11-07,1383,0.122,24.5,35.1,29.8,0,NA,NA,NA
"678",2021-11-08,2365,1.404,24.8,36.3,30.5,1,1500,166,1666
"679",2021-11-09,2529,2.272,24.8,34.8,29.8,1,1339,149,1488
"680",2021-11-10,2677,2.344,24.6,37.1,30.9,1,1311,140,1452
"681",2021-11-11,2449,1.448,24.5,36,30.2,1,1241,146,1387
"682",2021-11-12,2081,4.064,24.3,33.7,29,1,1450,150,1600
"683",2021-11-13,1374,2.496,22.4,34.6,28.5,0,NA,NA,NA
"684",2021-11-14,1299,2.974,22.1,34.3,28.2,0,NA,NA,NA
"685",2021-11-15,2223,0.806,22.7,35.5,29.1,1,1459,143,1602
"686",2021-11-16,2339,0.636,23.6,35.9,29.7,1,1287,158,1458
"687",2021-11-17,2382,3.11,22.8,36.5,29.7,1,1174,133,1316
"688",2021-11-18,2300,1.144,24.2,36.3,30.3,1,1211,150,1368
"689",2021-11-19,1942,2.628,24.6,35.9,30.3,1,1423,138,1561
"690",2021-11-20,1373,4.41,23.8,36.2,30,0,NA,NA,NA
"691",2021-11-21,1418,0.078,22.5,37.2,29.8,0,NA,NA,NA
"692",2021-11-22,2077,3.42,22.9,36.5,29.7,1,1363,139,1502
"693",2021-11-23,2247,0.506,22.9,37,29.9,1,1195,125,1325
"694",2021-11-24,2401,1.322,25.4,35.9,30.7,1,1221,141,1370
"695",2021-11-25,2154,4.57,24.3,34.4,29.3,1,1232,136,1371
"696",2021-11-26,1772,9.388,23.3,34.2,28.7,1,1364,130,1494
"697",2021-11-27,1277,5.954,23.7,35.1,29.4,0,NA,NA,NA
"698",2021-11-28,1033,7.018,24.1,35.9,30,0,NA,NA,NA
"699",2021-11-29,2097,6.448,24.6,35.3,30,1,1340,131,1471
"700",2021-11-30,2388,6.886,24.4,35.5,30,1,1088,124,1215
"701",2021-12-01,2450,6.41,24.3,36.5,30.4,1,940,123,1065
"702",2021-12-02,2331,5.82,24.7,36.5,30.6,1,1369,134,1507
"703",2021-12-03,2067,1.096,25.6,36.9,31.3,1,1457,133,1590
"704",2021-12-04,1421,0.4,25.7,36.9,31.3,0,NA,NA,NA
"705",2021-12-05,1483,0.24,24,37.2,30.6,0,NA,NA,NA
"706",2021-12-06,2263,0.618,23.5,34.5,29,1,1575,171,1746
"707",2021-12-07,2506,0.58,23.7,36.1,29.9,1,1472,162,1634
"708",2021-12-08,2545,3.692,25.1,35.6,30.4,1,1326,152,1479
"709",2021-12-09,2465,9.638,24.7,35,29.9,1,1406,129,1536
"710",2021-12-10,2194,13.41,22.9,35,29,1,1507,145,1652
"711",2021-12-11,1460,13.32,22.5,36.2,29.3,0,NA,NA,NA
"712",2021-12-12,1502,3.6,23.1,36.2,29.6,0,NA,NA,NA
"713",2021-12-13,2357,4.488,23.7,36.5,30.1,1,1643,174,1817
"714",2021-12-14,2692,4.032,25,36.3,30.6,1,1427,173,1600
"715",2021-12-15,2602,1.378,25,36.4,30.7,1,1326,178,1507
"716",2021-12-16,2489,1.284,25.1,36.3,30.7,1,1382,154,1536
"717",2021-12-17,2201,0.518,24.3,36.1,30.2,1,1357,162,1519
"718",2021-12-18,1511,0.616,24.6,35.8,30.2,0,NA,NA,NA
"719",2021-12-19,1380,0.52,24,35.8,29.9,0,NA,NA,NA
"720",2021-12-20,2206,1.726,24.2,35.8,30,1,1468,79,1547
"721",2021-12-21,2242,0.95,24.1,35.9,30,1,1152,77,1229
"722",2021-12-22,2080,2.918,24.8,36.6,30.7,1,1020,64,1084
"723",2021-12-23,1886,2.572,25.1,36.6,30.9,1,982,60,1042
"724",2021-12-24,1421,2.766,25,37,31,1,665,34,699
"725",2021-12-25,637,9.006,25,36.4,30.7,0,NA,NA,NA
"726",2021-12-26,1008,10.11,25.3,33.8,29.5,0,NA,NA,NA
"727",2021-12-27,1278,4.514,24.3,31.8,28.1,1,NA,NA,NA
"728",2021-12-28,1271,22.132,23.5,30.2,26.8,1,NA,NA,NA
"729",2021-12-29,1925,21.59,23.7,30.3,27,1,884,6,892
"730",2021-12-30,2344,23.6,23.8,32.7,28.3,1,813,2,815
"731",2021-12-31,1813,11.332,24.1,35,29.5,1,659,3,662
"732",2022-01-01,1420,4.864,25.1,36,30.5,0,NA,NA,NA
"733",2022-01-02,1561,2.418,25.5,36.3,30.9,0,NA,NA,NA
"734",2022-01-03,2021,4.454,25,35.4,30.2,1,NA,NA,NA
"735",2022-01-04,2585,4.368,24.6,34.8,29.7,1,1748,229,1977
"736",2022-01-05,3221,5.044,24.2,35.7,30,1,1436,178,1614
"737",2022-01-06,2973,12.306,24.4,35.2,29.8,1,1487,152,1639
"738",2022-01-07,2706,2.086,23.6,35.5,29.5,1,1480,170,1650
"739",2022-01-08,1662,8.842,23.1,35.8,29.5,0,NA,NA,NA
"740",2022-01-09,1585,5.834,23.6,35.9,29.8,0,NA,NA,NA
"741",2022-01-10,2632,18.352,25,32.7,28.9,1,1487,165,1652
"742",2022-01-11,3019,9.498,24.2,33.3,28.8,1,1330,152,1482
"743",2022-01-12,2944,8.49,24.6,34.5,29.6,1,1368,150,1518
"744",2022-01-13,2765,6.43,24.7,34.5,29.6,1,1406,154,1560
"745",2022-01-14,2585,11.116,24.1,33.8,29,1,1472,150,1622
"746",2022-01-15,1705,3.084,24.3,35.4,29.9,0,NA,NA,NA
"747",2022-01-16,1661,8.334,24.9,36,30.4,0,NA,NA,NA
"748",2022-01-17,2564,5.174,24.9,35.4,30.1,1,1325,159,1484
"749",2022-01-18,2903,0.824,25.4,35,30.2,1,1251,129,1380
"750",2022-01-19,2879,2.734,24.1,33.6,28.8,1,1147,156,1303
"751",2022-01-20,2794,3.474,24.1,34.3,29.2,1,1313,146,1459
"752",2022-01-21,3097,6.464,24.2,33.2,28.7,1,1332,139,1471
"753",2022-01-22,2052,2.042,24.8,33.7,29.2,0,NA,NA,NA
"754",2022-01-23,1656,10.174,24.3,32.6,28.5,0,NA,NA,NA
"755",2022-01-24,2552,11.2,24.2,31,27.6,1,1303,159,1462
"756",2022-01-25,2571,9.32,24.3,31.6,28,1,1141,116,1257
"757",2022-01-26,2031,14.254,23.9,31.9,27.9,1,NA,NA,NA
"758",2022-01-27,2598,11.054,24.7,31.9,28.3,1,1357,140,1497
"759",2022-01-28,2309,14.738,24.5,31.5,28,1,1317,122,1440
"760",2022-01-29,1562,16.134,23.7,31.3,27.5,0,NA,NA,NA
"761",2022-01-30,1428,20.142,23.6,31.3,27.5,0,NA,NA,NA
"762",2022-01-31,2276,19.884,23.9,31.6,27.8,1,1248,157,1405
"763",2022-02-01,3945,18.296,24.1,32.8,28.4,1,1127,147,1274
"764",2022-02-02,2897,10.894,25,32.2,28.6,1,1111,121,1235
"765",2022-02-03,2687,10.668,25.4,32.1,28.8,1,1220,131,1351
"766",2022-02-04,2357,23.46,24,29.9,26.9,1,1421,139,1560
"767",2022-02-05,1509,23.182,22.6,31,26.8,0,NA,NA,NA
"768",2022-02-06,1563,6.884,23.3,32.8,28.1,0,NA,NA,NA
"769",2022-02-07,2223,10.516,23.4,32.1,27.7,1,1560,176,1736
"770",2022-02-08,2595,8.538,23.3,32.1,27.7,1,1364,146,1510
"771",2022-02-09,2604,7.012,23.9,32.6,28.2,1,1351,134,1485
"772",2022-02-10,2600,6.456,23.5,34.2,28.9,1,1369,150,1519
"773",2022-02-11,2025,1.324,24,34.7,29.3,1,1475,158,1633
"774",2022-02-12,1458,8.722,24,34,29,0,NA,NA,NA
"775",2022-02-13,1402,1.392,22.4,32.4,27.4,0,NA,NA,NA
"776",2022-02-14,2300,1.224,22.4,32.7,27.5,1,1457,140,1597
"777",2022-02-15,2625,0.924,22.7,33.2,28,1,1338,137,1477
"778",2022-02-16,2727,2.062,23.5,33.6,28.5,1,1389,157,1546
"779",2022-02-17,2560,4.006,24.2,34.1,29.2,1,1368,170,1538
"780",2022-02-18,1751,9.39,24,33.7,28.8,1,1486,145,1631
"781",2022-02-19,1654,8.458,24,33.7,28.8,0,NA,1,1
"782",2022-02-20,1601,6.572,24,33.9,28.9,0,NA,NA,NA
"783",2022-02-21,2366,12.624,23.9,33.9,28.9,1,1489,162,1651
"784",2022-02-22,2513,8.922,23.9,33.3,28.6,1,1278,138,1416
"785",2022-02-23,2490,15.2,23.1,33.6,28.4,1,1159,126,1285
"786",2022-02-24,2681,8.788,23.5,33.6,28.5,1,1313,135,1448
"787",2022-02-25,1923,14.984,23.2,33.5,28.4,1,1235,116,1351
"788",2022-02-26,1368,6.212,23.5,34.9,29.2,0,NA,NA,NA
"789",2022-02-27,1178,4.516,24.8,34.7,29.7,0,NA,NA,NA
"790",2022-02-28,1984,6.174,24.5,35.1,29.8,1,932,83,1016
"791",2022-03-01,2690,17.002,24.1,35.1,29.6,1,1137,149,1296
"792",2022-03-02,2754,9.782,25,34.9,29.9,1,1196,153,1361
"793",2022-03-03,2606,3.15,23.7,35.2,29.5,1,954,114,1076
"794",2022-03-04,2525,0.418,24.4,35.7,30,1,429,107,536
"795",2022-03-05,1507,5.252,24.9,35.7,30.3,0,NA,NA,NA
"796",2022-03-06,1591,3.088,25.4,35.6,30.5,0,NA,NA,NA
"797",2022-03-07,2407,0.39,24.5,35.2,29.8,1,1813,160,1973
"798",2022-03-08,2737,2.14,24.2,35.5,29.9,1,1650,170,1820
"799",2022-03-09,2579,0.59,24.7,35.5,30.1,1,1437,165,1603
"800",2022-03-10,2535,1.442,24.7,36,30.3,1,1577,146,1723
"801",2022-03-11,2159,10.34,23.9,35.6,29.7,1,1639,145,1784
"802",2022-03-12,1426,5.406,24.3,33.4,28.9,0,NA,NA,NA
"803",2022-03-13,1513,4.97,24,34.2,29.1,0,NA,NA,NA
"804",2022-03-14,1592,3.29,24.8,33.9,29.4,1,1706,183,1889
"805",2022-03-15,2877,9.682,24.2,31.8,28,1,1482,174,1656
"806",2022-03-16,2740,21.282,23.6,33.3,28.5,1,1437,143,1580
"807",2022-03-17,2480,2.146,24.4,34.3,29.3,1,1470,183,1653
"808",2022-03-18,2148,13.626,24.1,33.2,28.6,1,1562,149,1711
"809",2022-03-19,1422,10.16,23.5,33.3,28.4,0,NA,NA,NA
"810",2022-03-20,1543,4.124,23.6,34.1,28.9,0,NA,NA,NA
"811",2022-03-21,2234,5.224,24.3,33.9,29.1,1,1467,140,1607
"812",2022-03-22,2476,3.402,22.6,34.1,28.4,1,1336,123,1462
"813",2022-03-23,2358,2.5,22.7,34,28.3,1,1278,139,1422
"814",2022-03-24,2183,4.468,22.5,34.1,28.3,1,1326,139,1470
"815",2022-03-25,1709,5.626,23.7,32.1,27.9,1,1380,121,1502
"816",2022-03-26,1379,3.75,24,32.2,28.1,0,NA,NA,NA
"817",2022-03-27,1327,12.098,22.4,32.6,27.5,0,NA,NA,NA
"818",2022-03-28,2020,14.132,22,33,27.5,1,1355,132,1487
"819",2022-03-29,2129,8.058,21.8,33.6,27.7,1,1243,124,1368
"820",2022-03-30,2279,6.226,21.6,33.9,27.7,1,1198,131,1331
"821",2022-03-31,2039,4.016,21.2,34.4,27.8,1,1283,147,1432
"822",2022-04-01,1705,0.372,22,34.3,28.1,1,1385,148,1533
"823",2022-04-02,1391,0.564,22.5,34.1,28.3,0,NA,NA,NA
"824",2022-04-03,1398,0.512,22.9,33.7,28.3,0,NA,NA,NA
"825",2022-04-04,2159,3.336,23.3,34.1,28.7,1,1620,151,1771
"826",2022-04-05,2426,3.896,22.8,34.5,28.7,1,1374,124,1498
"827",2022-04-06,2343,0.564,21.9,34.4,28.2,1,1268,149,1419
"828",2022-04-07,2324,1.28,21.6,34.3,28,1,1446,144,1590
"829",2022-04-08,1903,0.38,22.4,34.2,28.3,1,1536,155,1692
"830",2022-04-09,1445,0.206,22,34.7,28.4,0,NA,NA,NA
"831",2022-04-10,1362,0.484,23.9,34.7,29.3,0,NA,NA,NA
"832",2022-04-11,2138,1.958,25.2,34.3,29.8,1,1656,176,1832
"833",2022-04-12,2398,0.738,24.9,34.8,29.9,1,1487,149,1641
"834",2022-04-13,2538,1.596,24.2,33.8,29,1,1461,160,1624
"835",2022-04-14,2345,3.558,22.7,33.1,27.9,1,1503,182,1685
"836",2022-04-15,1598,5.342,23.3,32.5,27.9,1,NA,NA,NA
"837",2022-04-16,1198,5.546,22,32.4,27.2,0,NA,NA,NA
"838",2022-04-17,1048,1.964,21.4,32.3,26.8,0,NA,NA,NA
"839",2022-04-18,1651,1.004,21.9,32.6,27.3,1,NA,NA,NA
"840",2022-04-19,2353,16.124,22.2,32.5,27.3,1,1738,195,1933
"841",2022-04-20,2822,7.594,22.5,32.5,27.5,1,1594,179,1773
"842",2022-04-21,2287,7.138,23.3,33.2,28.3,1,1585,182,1768
"843",2022-04-22,1986,12.348,23.9,31.7,27.8,1,1660,152,1812
"844",2022-04-23,1398,26.884,23.3,29.6,26.5,0,NA,NA,NA
"845",2022-04-24,956,10.824,23.5,30.2,26.9,0,NA,NA,NA
"846",2022-04-25,1575,9.758,23.2,30.8,27,1,NA,NA,NA
"847",2022-04-26,2059,4.074,22.9,31.7,27.3,1,1680,162,1842
"848",2022-04-27,2636,0.164,23.1,32.7,27.9,1,1371,185,1559
"849",2022-04-28,2471,7.432,23,33.2,28.1,1,1620,180,1808
"850",2022-04-29,1932,0.13,22.9,33,27.9,1,1664,156,1820
"851",2022-04-30,1325,0.032,22.6,32.6,27.6,0,NA,NA,NA
"852",2022-05-01,1222,0.87,21.7,32.1,26.9,0,NA,NA,NA
"853",2022-05-02,1722,0.382,21.8,32.3,27,1,NA,NA,NA
"854",2022-05-03,2284,0.084,21.7,32.7,27.2,1,1783,193,1976
"855",2022-05-04,2785,0.002,22.1,32.8,27.4,1,1554,176,1733
"856",2022-05-05,2489,0.016,21.8,31.8,26.8,1,1715,177,1893
"857",2022-05-06,2112,0.008,20.4,31.4,25.9,1,1793,148,1941
"858",2022-05-07,1427,0.672,20.8,31.9,26.4,0,NA,NA,NA
"859",2022-05-08,1376,0.276,22.8,32.5,27.6,0,NA,NA,NA
"860",2022-05-09,2217,2.45,23.6,31.7,27.7,1,1712,173,1889
"861",2022-05-10,2321,11.042,24.1,28.4,26.2,1,1224,146,1379
"862",2022-05-11,2684,12.624,22.5,27.7,25.1,1,1480,156,1642
"863",2022-05-12,2547,14.412,21.9,29.9,25.9,1,1508,156,1671
"864",2022-05-13,2222,2.568,19.9,30.3,25.1,1,1499,127,1626
"865",2022-05-14,1470,0.126,18.2,30.3,24.3,0,NA,NA,NA
"866",2022-05-15,1496,0.004,18.4,30.7,24.6,0,NA,NA,NA
"867",2022-05-16,2203,0,19.2,31.1,25.2,1,1849,176,2027
"868",2022-05-17,2565,0,19.2,31.3,25.2,1,1658,169,1832
"869",2022-05-18,2433,0,20.4,31.6,26,1,1489,203,1698
"870",2022-05-19,2361,0,20.8,31.9,26.3,1,1596,165,1762
"871",2022-05-20,2043,0.02,20.9,31.6,26.2,1,1628,145,1773
"872",2022-05-21,1537,0.164,20.7,31.3,26,0,NA,NA,NA
"873",2022-05-22,1451,0.038,20.8,30.9,25.9,0,NA,NA,NA
"874",2022-05-23,2081,0.224,20.9,31.1,26,1,1622,168,1790
"875",2022-05-24,2331,0.218,20.2,31.2,25.7,1,1442,138,1592
"876",2022-05-25,2313,0.25,20.2,30.8,25.5,1,1399,150,1561
"877",2022-05-26,2286,0.022,19.7,30.6,25.2,1,1299,154,1454
"878",2022-05-27,1863,0.942,19.1,30.5,24.8,1,1634,131,1766
"879",2022-05-28,1250,0.454,17.8,29.5,23.6,0,NA,NA,NA
"880",2022-05-29,1266,0.016,16.3,30.1,23.2,0,NA,NA,NA
"881",2022-05-30,2054,0,16.7,31.3,24,1,1483,143,1626
"882",2022-05-31,2368,0,16.5,30,23.2,1,1233,142,1380
"883",2022-06-01,2355,0,16.6,30.3,23.4,1,1283,154,1439
"884",2022-06-02,2170,0.864,18.3,30.6,24.5,1,1462,151,1618
"885",2022-06-03,1937,0.122,19.9,31.4,25.7,1,1660,149,1809
"886",2022-06-04,1413,0.022,19.6,30.8,25.2,0,NA,NA,NA
"887",2022-06-05,1393,0.778,19.8,31.5,25.6,0,NA,NA,NA
"888",2022-06-06,2171,3.69,20.7,30.4,25.6,1,1716,158,1874
"889",2022-06-07,2328,0.648,20.2,30.5,25.4,1,1431,139,1570
"890",2022-06-08,2384,0.568,19.8,29.2,24.5,1,1432,162,1594
"891",2022-06-09,2207,1.234,17.5,28.3,22.9,1,1407,140,1547
"892",2022-06-10,1883,0.174,17.1,27.4,22.3,1,1544,144,1688
"893",2022-06-11,1316,0.006,15.5,27.7,21.6,0,NA,NA,NA
"894",2022-06-12,1416,0.018,16,28.4,22.2,0,NA,NA,NA
"895",2022-06-13,2089,0,16,28.9,22.5,1,1675,176,1851
"896",2022-06-14,2580,0.002,16.2,29.6,22.9,1,1503,148,1651
"897",2022-06-15,2609,0.068,17.7,30.5,24.1,1,1472,173,1647
"898",2022-06-16,2508,0.06,18.6,30.9,24.7,1,1549,135,1689
"899",2022-06-17,2133,0.176,18.9,30.2,24.6,1,1751,149,1900
"900",2022-06-18,1287,0.208,18.8,30.6,24.7,0,NA,NA,NA
"901",2022-06-19,1298,0.432,19.3,29.3,24.3,0,NA,NA,NA
"902",2022-06-20,2265,0.048,17.9,29.3,23.6,1,1731,181,1912
"903",2022-06-21,2473,0.02,18.4,29.5,23.9,1,1565,168,1733
"904",2022-06-22,2514,0.018,18.1,29.6,23.8,1,1436,149,1591
"905",2022-06-23,2147,0.068,17.7,29,23.4,1,1465,179,1645
"906",2022-06-24,1746,0.178,16.7,29.5,23.1,1,1641,135,1776
"907",2022-06-25,1405,0.034,17.7,29.8,23.8,0,NA,NA,NA
"908",2022-06-26,1304,0.25,20.1,29.2,24.6,0,NA,NA,NA
"909",2022-06-27,2060,0.196,21.5,30.1,25.8,1,1595,172,1767
"910",2022-06-28,2415,0.302,20.4,28.7,24.6,1,1383,147,1530
"911",2022-06-29,2298,0.204,19.4,28.9,24.1,1,1358,132,1490
"912",2022-06-30,2260,0.582,20.8,29.2,25,1,1432,140,1573
"913",2022-07-01,1960,4.84,20.8,27.4,24.1,1,1510,135,1645
"914",2022-07-02,1313,5.64,20.2,26.9,23.6,0,NA,NA,NA
"915",2022-07-03,1344,2.26,19.9,26.1,23,0,NA,NA,NA
"916",2022-07-04,2104,6.75,18.3,23.6,20.9,1,1591,157,1748
"917",2022-07-05,2459,5.13,15.1,23.6,19.3,1,1555,147,1703
"918",2022-07-06,2578,0.658,15.1,26.9,21,1,1598,193,1792
"919",2022-07-07,2458,0.002,15.9,28,21.9,1,1626,170,1799
"920",2022-07-08,2037,0.03,15.8,28,21.9,1,1659,163,1822
"921",2022-07-09,1383,0.016,15.8,27.8,21.8,0,NA,NA,NA
"922",2022-07-10,1449,0.01,15.7,27.6,21.7,0,NA,NA,NA
"923",2022-07-11,2103,0.028,14.9,27.1,21,1,1748,162,1910
"924",2022-07-12,2568,0,14.7,27.4,21,1,1526,137,1667
"925",2022-07-13,2401,0.002,12.7,27.1,19.9,1,1574,176,1752
"926",2022-07-14,2784,0,12.4,26,19.2,1,1635,171,1808
"927",2022-07-15,2489,0,11.1,25.6,18.4,1,1645,168,1813
"928",2022-07-16,1626,0.006,12.7,27.8,20.2,0,1,NA,1
"929",2022-07-17,1542,0.018,15.9,29.2,22.5,0,NA,NA,NA
"930",2022-07-18,2344,0.21,17.2,29.9,23.6,1,1828,159,1987
"931",2022-07-19,2509,0.002,16.1,29.6,22.8,1,1618,164,1782
"932",2022-07-20,2595,0.008,16.3,29.5,22.9,1,1448,154,1602
"933",2022-07-21,2329,0.208,16.3,29.2,22.8,1,1623,180,1803
"934",2022-07-22,1983,0.002,13.5,28.7,21.1,1,1605,151,1756
"935",2022-07-23,1372,0.024,15.1,29.7,22.4,0,NA,1,1
"936",2022-07-24,1390,0,15.8,29.5,22.7,0,NA,NA,NA
"937",2022-07-25,2059,0,15.4,29.7,22.6,1,1746,164,1910
"938",2022-07-26,2308,0.002,16.9,29.8,23.3,1,1541,142,1685
"939",2022-07-27,2334,0.012,16.9,29.8,23.4,1,1459,178,1638
"940",2022-07-28,2092,0.032,16.9,29.1,23,1,1506,153,1660
"941",2022-07-29,1987,0.082,15.8,28.5,22.2,1,1611,159,1770
"942",2022-07-30,1322,0.008,16.1,29.4,22.8,0,NA,NA,NA
"943",2022-07-31,1312,0.002,18.1,30.2,24.1,0,NA,NA,NA
"944",2022-08-01,1836,0.16,19,29.6,24.3,1,1711,142,1853
"945",2022-08-02,2163,0.398,19.4,31.6,25.5,1,1631,171,1804
"946",2022-08-03,2437,0.004,19.6,32.3,25.9,1,1558,172,1730
"947",2022-08-04,2280,0.086,19.8,32.3,26,1,1635,167,1802
"948",2022-08-05,2024,0.002,19.9,33.3,26.6,1,1801,175,1976
"949",2022-08-06,1386,0,19.8,32.4,26.1,0,1,NA,1
"950",2022-08-07,1357,0,19.1,31.5,25.3,0,NA,NA,NA
"951",2022-08-08,2028,0,17.9,30.8,24.3,1,1582,108,1691
"952",2022-08-09,2339,0.02,18.4,30.5,24.4,1,1742,188,1933
"953",2022-08-10,2200,0.094,17.8,29.8,23.8,1,1334,186,1524
"954",2022-08-11,2158,0.002,16.3,30.6,23.5,1,1746,135,1882
"955",2022-08-12,1891,0.046,17.7,29.8,23.8,1,1784,159,1943
"956",2022-08-13,1502,0.044,16.8,30.2,23.5,0,NA,NA,NA
"957",2022-08-14,1323,0.06,16.1,30.4,23.2,0,NA,NA,NA
"958",2022-08-15,2111,0.028,15,30.6,22.8,1,1871,188,2059
"959",2022-08-16,2438,0,14.3,30.5,22.4,1,1591,149,1740
"960",2022-08-17,2456,0,11.8,29.4,20.6,1,1632,188,1820
"961",2022-08-18,2152,0,12.9,29.9,21.4,1,1674,177,1851
"962",2022-08-19,2060,0,13.5,30.5,22,1,1716,154,1870
"963",2022-08-20,1360,0,15,30.9,22.9,0,NA,NA,NA
"964",2022-08-21,1370,0.342,14.6,30.4,22.5,0,NA,NA,NA
"965",2022-08-22,2080,0.046,16.5,30.2,23.4,1,1793,178,1971
"966",2022-08-23,2291,0.136,17,31.9,24.4,1,1537,143,1680
"967",2022-08-24,2195,0.042,15.9,29.7,22.8,1,1439,164,1603
"968",2022-08-25,1984,0,15.7,29.9,22.8,1,1536,178,1714
"969",2022-08-26,1787,0.082,17,30.5,23.8,1,1492,173,1665
"970",2022-08-27,1286,0.12,18.2,31.9,25,0,1,NA,1
"971",2022-08-28,1161,0.202,21,32.9,27,0,NA,1,1
"972",2022-08-29,2032,0.594,22.4,32.4,27.4,1,1625,146,1771
"973",2022-08-30,1918,2.128,22.5,30.7,26.6,1,1420,171,1595
"974",2022-08-31,201,0.26,21.3,31.8,26.5,1,NA,NA,NA
"975",2022-09-01,2069,0.11,20.3,32.6,26.5,1,1450,170,1624
"976",2022-09-02,1917,0.612,21.6,31.4,26.5,1,1728,165,1894
"977",2022-09-03,1376,0.418,20.6,31.7,26.1,0,1,NA,1
"978",2022-09-04,1260,0.024,18.7,30.9,24.8,0,NA,NA,NA
"979",2022-09-05,2161,0.012,18.2,31.9,25,1,1860,165,2025
"980",2022-09-06,2470,0.02,18.2,32.7,25.5,1,1722,191,1924
"981",2022-09-07,2340,0,18.6,33.4,26,1,1632,167,1800
"982",2022-09-08,2177,0.094,20.5,33.5,27,1,1743,160,1904
"983",2022-09-09,1674,0.272,19.2,33.5,26.4,1,1904,158,2062
"984",2022-09-10,1146,0,19.8,34.1,27,0,1,NA,1
"985",2022-09-11,1144,0.02,20.2,34.2,27.2,0,NA,NA,NA
"986",2022-09-12,1756,0.044,20.8,34.2,27.5,1,2012,175,2187
"987",2022-09-13,1989,0.004,21.7,33.9,27.8,1,1847,179,2026
"988",2022-09-14,2079,0.002,21.3,33.7,27.5,1,1776,183,1961
"989",2022-09-15,1860,0.28,20.9,34.4,27.6,1,1805,179,1985
"990",2022-09-16,1588,0,20.8,35,27.9,1,2067,195,2262
"991",2022-09-17,1143,0,20.7,35.9,28.3,0,2,NA,2
"992",2022-09-18,1088,0,22,35.7,28.9,0,NA,NA,NA
"993",2022-09-19,1750,0.024,22.9,36.3,29.6,1,2169,180,2349
"994",2022-09-20,1939,0.066,22.9,36.5,29.7,1,1860,165,2025
"995",2022-09-21,1873,0.388,21.8,35.1,28.4,1,1876,191,2071
"996",2022-09-22,1659,0.004,21.8,35.3,28.6,1,NA,NA,NA
"997",2022-09-23,1539,0,20.6,34.7,27.7,1,2490,232,2722
"998",2022-09-24,988,1.03,20.5,34.8,27.7,0,2,NA,2
"999",2022-09-25,959,0.036,20.6,35.5,28,0,NA,NA,NA
"1000",2022-09-26,1635,0,21.3,35.4,28.3,1,2156,212,2368
"1001",2022-09-27,1875,0.03,22.6,35.3,29,1,1984,190,2184
"1002",2022-09-28,2041,0.308,22,31.8,26.9,1,1507,195,1713
"1003",2022-09-29,1823,1.516,20.9,33.5,27.2,1,1848,190,2046
"1004",2022-09-30,1524,0.006,20.1,34,27,1,1771,197,1968
"1005",2022-10-01,1010,0.162,21,33.7,27.4,0,NA,NA,NA
"1006",2022-10-02,913,0,21.8,34.8,28.3,0,NA,NA,NA
"1007",2022-10-03,1250,0,22,35.5,28.8,1,NA,NA,NA
"1008",2022-10-04,1988,0.326,23.1,35,29.1,1,2435,265,2700
"1009",2022-10-05,2308,1.502,22.9,33.5,28.2,1,2286,241,2527
"1010",2022-10-06,2024,0.964,22.1,35.1,28.6,1,2442,246,2688
"1011",2022-10-07,1764,0.03,23.1,35.5,29.3,1,2523,256,2779
"1012",2022-10-08,1131,0.696,23.8,35.5,29.6,0,1,NA,1
"1013",2022-10-09,1077,0.334,23.4,35,29.2,0,NA,NA,NA
"1014",2022-10-10,1983,1.826,23.1,35.2,29.1,1,2471,273,2744
"1015",2022-10-11,1886,0.08,22.8,35.6,29.2,1,2357,241,2601
"1016",2022-10-12,1827,0.348,23.1,35.8,29.5,1,2217,194,2413
"1017",2022-10-13,1648,0.372,23.8,35.8,29.8,1,2433,195,2628
"1018",2022-10-14,1776,0.054,22.7,36,29.4,1,2643,239,2883
"1019",2022-10-15,1137,0.002,22.6,36.4,29.5,0,NA,1,1
"1020",2022-10-16,1076,0.226,23.8,36.4,30.1,0,NA,NA,NA
"1021",2022-10-17,1735,2.08,22.6,35.9,29.2,1,2670,227,2897
"1022",2022-10-18,1885,0.896,23.3,35.5,29.4,1,2256,229,2486
"1023",2022-10-19,1877,1.67,23.8,36.1,29.9,1,2069,213,2286
"1024",2022-10-20,1819,2.262,23.9,36.2,30,1,2258,214,2472
"1025",2022-10-21,1594,4.682,23.5,36,29.7,1,2478,218,2698
"1026",2022-10-22,1041,4.708,21.6,36.3,28.9,0,NA,NA,NA
"1027",2022-10-23,1039,1.626,21.7,36.5,29.1,0,NA,NA,NA
"1028",2022-10-24,1485,0.858,23.7,37.3,30.5,1,2351,227,2579
"1029",2022-10-25,1763,0.306,23.3,37.3,30.3,1,2058,225,2288
"1030",2022-10-26,1710,0.174,23.6,37.2,30.4,1,1949,176,2125
"1031",2022-10-27,1509,0.144,23.5,37.8,30.7,1,2008,192,2200
"1032",2022-10-28,1549,1.604,23.9,37.6,30.8,1,2215,181,2396
"1033",2022-10-29,920,1.83,23.6,37.9,30.7,0,4,NA,4
"1034",2022-10-30,913,0.994,24.4,38.3,31.4,0,NA,1,1
"1035",2022-10-31,1678,1.924,25.4,38.2,31.8,1,2174,175,2349
"1036",2022-11-01,1942,1.018,24.1,35.8,29.9,1,1831,156,1987
"1037",2022-11-02,1927,6.104,23.1,35.9,29.5,1,1938,225,2166
"1038",2022-11-03,1885,7.754,21.7,34,27.8,1,2084,208,2294
"1039",2022-11-04,1539,1.486,21.8,35.1,28.4,1,2411,202,2613
"1040",2022-11-05,1096,3.47,24,34.8,29.4,0,NA,1,1
"1041",2022-11-06,1107,2.234,23.9,34.3,29.1,0,NA,NA,NA
"1042",2022-11-07,1582,1.454,23.1,35,29.1,1,2439,214,2653
"1043",2022-11-08,1933,1.192,23.8,35.9,29.9,1,2118,228,2353
"1044",2022-11-09,2057,4.08,24.2,36.1,30.2,1,2072,217,2297
"1045",2022-11-10,1981,1.786,23.7,34.9,29.3,1,2263,247,2514
"1046",2022-11-11,1689,0.114,24,35.4,29.7,1,2476,252,2728
"1047",2022-11-12,1043,3.386,23.4,34.7,29.1,0,NA,NA,NA
"1048",2022-11-13,1037,0.236,24.1,35.9,30,0,NA,NA,NA
"1049",2022-11-14,1782,4.378,23.7,35.7,29.7,1,2439,252,2691
"1050",2022-11-15,1955,4.314,24.2,35.7,29.9,1,2145,225,2370
"1051",2022-11-16,1840,0.054,23.8,37.2,30.5,1,2016,216,2234
"1052",2022-11-17,1762,0.194,22.8,36.7,29.8,1,2200,191,2391
"1053",2022-11-18,1476,0,23.8,37,30.4,1,2397,211,2608
"1054",2022-11-19,1071,0.04,24.8,37.6,31.2,0,NA,NA,NA
"1055",2022-11-20,1080,1.392,25.4,36.2,30.8,0,NA,1,1
"1056",2022-11-21,1539,7.618,24.4,36.4,30.4,1,2350,236,2586
"1057",2022-11-22,1762,2.06,24.3,36.8,30.5,1,1999,192,2193
"1058",2022-11-23,1769,0.346,24,37.3,30.6,1,1932,211,2146
"1059",2022-11-24,1670,4.914,24.4,36.8,30.6,1,2001,183,2191
"1060",2022-11-25,1269,3.262,24.8,36.5,30.7,1,2251,171,2422
"1061",2022-11-26,997,6.09,25.4,36.3,30.9,0,NA,NA,NA
"1062",2022-11-27,990,13.496,24,33.8,28.9,0,NA,NA,NA
"1063",2022-11-28,1588,13.12,23.8,31.7,27.8,1,2168,215,2383
"1064",2022-11-29,1834,17.546,23.4,32.4,27.9,1,1909,196,2105
"1065",2022-11-30,1836,14.466,23.6,31.3,27.4,1,1819,209,2028
"1066",2022-12-01,1834,15.808,22.9,32.6,27.7,1,1953,178,2134
"1067",2022-12-02,1641,5.33,23.1,32.4,27.7,1,2393,213,2606
"1068",2022-12-03,1120,7.18,22.4,33.2,27.8,0,NA,NA,NA
"1069",2022-12-04,1056,2.566,22.1,33.9,28,0,NA,1,1
"1070",2022-12-05,1723,7.6,22,34.6,28.3,1,2537,235,2772
"1071",2022-12-06,1839,0.282,22.1,35.6,28.8,1,2147,219,2366
"1072",2022-12-07,2173,0.002,22.2,36,29.1,1,2110,210,2320
"1073",2022-12-08,1918,0,21.9,36.7,29.3,1,2220,215,2435
"1074",2022-12-09,1682,0,23.6,37.4,30.5,1,2595,231,2826
"1075",2022-12-10,1149,3.128,23.7,37.2,30.5,0,NA,NA,NA
"1076",2022-12-11,1084,0.666,24.7,36.1,30.4,0,NA,NA,NA
"1077",2022-12-12,1714,1.394,25.1,36.4,30.8,1,2658,277,2935
"1078",2022-12-13,1979,0.392,24.6,36.9,30.7,1,2312,233,2548
"1079",2022-12-14,1968,4.394,23.8,35.7,29.7,1,2183,272,2456
"1080",2022-12-15,1844,5.914,22.8,36.7,29.8,1,2402,236,2638
"1081",2022-12-16,1595,0.724,23.5,37.2,30.4,1,2516,248,2764
"1082",2022-12-17,1086,0.458,23.9,36.4,30.1,0,1,NA,1
"1083",2022-12-18,1040,8.076,24.5,35,29.7,0,NA,NA,NA
"1084",2022-12-19,1601,5.062,24,33.8,28.9,1,2724,229,2957
"1085",2022-12-20,1763,13.216,23.5,32.4,28,1,2280,183,2463
"1086",2022-12-21,1728,17.112,23.9,32.8,28.4,1,1872,184,2056
"1087",2022-12-22,1549,2.732,24.7,33.4,29,1,2050,172,2222
"1088",2022-12-23,1288,5.16,25.2,32.9,29,1,1829,122,1951
"1089",2022-12-24,720,3.212,24.8,33.9,29.4,0,NA,1,1
"1090",2022-12-25,353,8.762,24.7,33.7,29.2,0,NA,NA,NA
"1091",2022-12-26,780,16.898,24.2,31.9,28.1,1,NA,1,1
"1092",2022-12-27,980,10.29,24.5,31.3,27.9,1,NA,NA,NA
"1093",2022-12-28,1334,13.96,24.1,31.2,27.6,1,NA,2,2
"1094",2022-12-29,1767,17.18,24.1,31.3,27.7,1,2201,7,2208
"1095",2022-12-30,1499,20.756,23.8,30.8,27.3,1,1840,8,1848
"1096",2022-12-31,1035,32.678,23.8,30.1,27,0,NA,NA,NA
"1097",2023-01-01,916,28.116,23.6,30.3,26.9,0,NA,NA,NA
"1098",2023-01-02,1346,29.434,23.3,30.4,26.9,1,NA,NA,NA
"1099",2023-01-03,1820,19.688,24,30.1,27,1,3065,183,3248
"1100",2023-01-04,2405,19.058,23.8,31.2,27.5,1,2616,157,2773
"1101",2023-01-05,2197,24.92,24.2,29.8,27,1,2940,157,3097
"1102",2023-01-06,1879,20.126,23.6,31,27.3,1,3122,144,3266
"1103",2023-01-07,1181,45.474,23.9,30.6,27.3,0,2,NA,2
"1104",2023-01-08,1183,10.56,24.4,32.9,28.7,0,NA,NA,NA
"1105",2023-01-09,1895,11.054,25.1,33.2,29.1,1,3047,411,3458
"1106",2023-01-10,2216,10.284,24.9,33.4,29.1,1,2739,296,3035
"1107",2023-01-11,2233,21.102,24.6,31.8,28.2,1,2404,284,2688
"1108",2023-01-12,2056,24.192,23.9,32.8,28.4,1,2632,244,2876
"1109",2023-01-13,1820,29.11,23.9,30.8,27.4,1,2812,282,3101
"1110",2023-01-14,1285,11.208,23.6,31.4,27.5,0,NA,NA,NA
"1111",2023-01-15,1252,12.174,23.9,32.1,28,0,NA,NA,NA
"1112",2023-01-16,1894,6.066,24.3,31.7,28,1,2806,239,3045
"1113",2023-01-17,2077,11.544,24.7,31.8,28.2,1,2436,209,2645
"1114",2023-01-18,2074,12.786,23.9,32,27.9,1,2350,257,2607
"1115",2023-01-19,2034,28.992,23.5,31.5,27.5,1,2405,225,2630
"1116",2023-01-20,1743,12.74,23.7,32.3,28,1,2643,246,2889
"1117",2023-01-21,1176,15.726,23.5,32.8,28.1,0,NA,NA,NA
"1118",2023-01-22,1097,6.344,23.3,33.5,28.4,0,NA,NA,NA
"1119",2023-01-23,1645,4.97,23.6,33.4,28.5,1,2647,248,2895
"1120",2023-01-24,1939,2.546,23.9,34.2,29,1,2274,206,2490
"1121",2023-01-25,1853,6.842,24.5,34.2,29.4,1,2155,245,2400
"1122",2023-01-26,1469,8.448,23.9,33.8,28.8,1,NA,NA,NA
"1123",2023-01-27,1578,4.694,24.5,33.5,29,1,3120,271,3392
"1124",2023-01-28,1117,8.338,24.9,33.5,29.2,0,1,2,3
"1125",2023-01-29,1089,3.122,24.5,33,28.7,0,NA,1,1
"1126",2023-01-30,1814,4.688,24.9,32.9,28.9,1,2675,225,2900
"1127",2023-01-31,2002,8.752,24.7,32.8,28.7,1,2192,220,2416
"1128",2023-02-01,2070,11.086,24.3,32.9,28.6,1,2025,244,2273
"1129",2023-02-02,1975,7.626,24.8,32.6,28.7,1,2369,223,2592
"1130",2023-02-03,1656,18.114,24.2,31.4,27.8,1,2495,195,2690
"1131",2023-02-04,1191,17.44,23.2,31.4,27.3,0,3,NA,3
"1132",2023-02-05,1168,9.88,23.5,32.6,28,0,NA,NA,NA
"1133",2023-02-06,1617,5.45,24.4,33.5,29,1,2552,267,2822
"1134",2023-02-07,2022,7.674,24.5,32.6,28.6,1,2298,218,2516
"1135",2023-02-08,1935,5.818,24.5,33.2,28.8,1,2158,217,2375
"1136",2023-02-09,1931,8.798,24.5,33.2,28.9,1,2319,237,2556
"1137",2023-02-10,1693,12.444,24.3,32,28.2,1,2785,223,3008
"1138",2023-02-11,1086,16.082,24.3,31.6,27.9,0,2,NA,2
"1139",2023-02-12,1019,28.816,23.3,31.7,27.5,0,NA,NA,NA
"1140",2023-02-13,1580,16.828,23.4,32.3,27.8,1,2515,233,2748
"1141",2023-02-14,1685,12.432,22.8,30.9,26.9,1,2116,190,2306
"1142",2023-02-15,2035,15.244,23.4,30.7,27,1,2058,214,2273
"1143",2023-02-16,1840,19.88,23.9,29.2,26.6,1,2269,196,2466
"1144",2023-02-17,1679,18.63,24.1,28.7,26.4,1,2568,239,2809
"1145",2023-02-18,1138,14.962,23.2,30.1,26.7,0,1,NA,1
"1146",2023-02-19,1102,6.596,23.6,31.6,27.6,0,NA,NA,NA
"1147",2023-02-20,1655,10.566,23.7,31.2,27.5,1,2545,232,2777
"1148",2023-02-21,1924,4.874,23.5,31.7,27.6,1,2199,226,2425
"1149",2023-02-22,1887,5.932,23.5,31.9,27.7,1,2024,243,2267
"1150",2023-02-23,1611,13.086,23.3,31.3,27.3,1,2248,221,2469
"1151",2023-02-24,1556,18.878,23,30.8,26.9,1,2418,222,2642
"1152",2023-02-25,1012,11.934,23.4,31.3,27.3,0,1,NA,1
"1153",2023-02-26,1036,19.24,23.5,29.9,26.7,0,NA,NA,NA
"1154",2023-02-27,1538,18.392,23.9,30.3,27.1,1,2335,229,2564
"1155",2023-02-28,1864,11.54,23,31.7,27.4,1,2059,194,2260
"1156",2023-03-01,2194,21.162,23.5,31.7,27.6,1,1902,240,2155
"1157",2023-03-02,2000,11.674,23.5,32.4,27.9,1,2239,204,2454
"1158",2023-03-03,1703,9.464,23.9,31.6,27.8,1,2521,211,2732
"1159",2023-03-04,1074,18.39,23.4,29.6,26.5,0,NA,NA,NA
"1160",2023-03-05,1106,18.582,23.5,30.3,26.9,0,NA,2,2
"1161",2023-03-06,1693,10.708,24.3,31,27.7,1,2626,241,2867
"1162",2023-03-07,1948,15.468,23.9,30.5,27.2,1,2268,224,2492
"1163",2023-03-08,1970,12.726,24.1,30.4,27.3,1,2099,215,2316
"1164",2023-03-09,1916,18.292,23.1,30.1,26.6,1,2300,211,2513
"1165",2023-03-10,1667,4.192,22.8,30.9,26.9,1,2485,250,2735
"1166",2023-03-11,1104,2.348,22.5,31.9,27.2,0,1,NA,1
"1167",2023-03-12,1078,5.484,23.7,32.5,28.1,0,NA,NA,NA
"1168",2023-03-13,1658,2.688,24.1,32.5,28.3,1,2589,240,2829
"1169",2023-03-14,1922,5.17,23.5,32.5,28,1,2135,228,2363
"1170",2023-03-15,1965,2.988,22.8,33.5,28.2,1,2112,212,2324
"1171",2023-03-16,1901,1.356,23.4,34,28.7,1,2213,227,2440
"1172",2023-03-17,1568,3.106,23.5,33.8,28.6,1,2393,220,2617
"1173",2023-03-18,1052,1.26,23.4,32.8,28.1,0,1,NA,1
"1174",2023-03-19,1039,4.11,23.5,32,27.7,0,NA,NA,NA
"1175",2023-03-20,1684,4.084,23.7,32.8,28.3,1,2481,240,2721
"1176",2023-03-21,1877,0.884,24.1,33.4,28.7,1,2195,207,2404
"1177",2023-03-22,1943,4.632,24,32.5,28.2,1,1997,207,2214
"1178",2023-03-23,1745,4.538,23.2,32.3,27.7,1,2043,231,2280
"1179",2023-03-24,1324,1.86,22.6,32.1,27.4,1,2362,205,2568
"1180",2023-03-25,1049,2.982,21.9,32.9,27.4,0,NA,NA,NA
"1181",2023-03-26,928,0.422,21.6,33,27.3,0,NA,NA,NA
"1182",2023-03-27,1401,0.284,22.3,33.3,27.8,1,2349,238,2587
"1183",2023-03-28,1623,3.636,22.1,33,27.6,1,2015,196,2211
"1184",2023-03-29,1730,5.39,21.7,34,27.8,1,1893,196,2098
"1185",2023-03-30,1574,4.432,22.5,33.9,28.2,1,2052,212,2264
"1186",2023-03-31,1370,1.098,22.3,34,28.1,1,2296,207,2503
"1187",2023-04-01,932,2.028,22.7,34.1,28.4,0,1,NA,1
"1188",2023-04-02,946,0.332,22.5,33.7,28.1,0,NA,NA,NA
"1189",2023-04-03,1486,0.564,21.8,33.5,27.7,1,2700,220,2920
"1190",2023-04-04,1872,3.014,21.8,33.3,27.6,1,2357,183,2540
"1191",2023-04-05,1865,1.692,22.3,33.6,27.9,1,2247,224,2471
"1192",2023-04-06,1672,0.442,22.5,34.1,28.3,1,2548,254,2802
"1193",2023-04-07,1128,1.618,22.8,34.1,28.4,1,NA,1,1
"1194",2023-04-08,805,5.534,23.1,33.6,28.3,0,NA,NA,NA
"1195",2023-04-09,757,2.23,22.3,33.1,27.7,0,NA,NA,NA
"1196",2023-04-10,1321,5.796,21.2,32.7,27,1,NA,NA,NA
"1197",2023-04-11,1835,3.816,21.4,34,27.7,1,3380,354,3734
"1198",2023-04-12,2344,2.458,21.7,34.5,28.1,1,2617,275,2901
"1199",2023-04-13,1969,1.88,22.5,34.4,28.4,1,2703,237,2941
"1200",2023-04-14,1714,0.916,21.5,34.4,28,1,2858,272,3130
"1201",2023-04-15,1160,0.456,21.4,34.3,27.8,0,1,1,2
"1202",2023-04-16,951,0.546,22.8,31.4,27.1,0,NA,NA,NA
"1203",2023-04-17,1631,0.626,22.1,32.3,27.2,1,2679,240,2919
"1204",2023-04-18,1865,10.23,22.6,31.3,26.9,1,2330,218,2548
"1205",2023-04-19,1696,14.352,22,31.6,26.8,1,2131,244,2375
"1206",2023-04-20,1994,2.984,22.3,31.6,26.9,1,2285,226,2511
"1207",2023-04-21,1526,1.702,21.1,32.2,26.7,1,2520,238,2758
"1208",2023-04-22,920,1.34,21.2,32,26.6,0,NA,NA,NA
"1209",2023-04-23,798,3.668,22.2,31.5,26.8,0,NA,NA,NA
"1210",2023-04-24,1452,2.786,22.7,31.9,27.3,1,2776,247,3023
"1211",2023-04-25,1546,2.682,22.6,32.5,27.5,1,NA,NA,NA
"1212",2023-04-26,1844,0.462,22.1,32.2,27.2,1,2305,226,2540
"1213",2023-04-27,1790,1.264,20.7,32,26.4,1,2361,234,2600
"1214",2023-04-28,1514,0.09,21.3,32,26.7,1,2516,219,2736
"1215",2023-04-29,979,0.056,20.3,31.9,26.1,0,NA,1,1
"1216",2023-04-30,843,0.032,19.6,31.1,25.3,0,NA,NA,NA
"1217",2023-05-01,1233,0.036,19.2,32,25.6,1,NA,2,2
"1218",2023-05-02,1739,0.102,19.8,32.1,25.9,1,2660,276,2936
"1219",2023-05-03,2180,0.24,21.5,31.9,26.7,1,2282,231,2513
"1220",2023-05-04,1985,1.348,22.5,32.5,27.5,1,2453,247,2700
"1221",2023-05-05,1616,0.376,21.1,32,26.6,1,2680,246,2927
"1222",2023-05-06,1019,1.656,21,31.9,26.4,0,4,NA,4
"1223",2023-05-07,1003,6.298,21.9,30.9,26.4,0,NA,NA,NA
"1224",2023-05-08,1567,0.192,21.8,30.6,26.2,1,2543,222,2765
"1225",2023-05-09,1780,0.642,19,29.7,24.3,1,2237,199,2440
"1226",2023-05-10,1965,0.186,17.5,29.3,23.4,1,2092,245,2341
"1227",2023-05-11,1851,0.032,16.8,30.8,23.8,1,2310,213,2527
"1228",2023-05-12,1569,0.084,19.3,31.7,25.5,1,2675,251,2926
"1229",2023-05-13,1080,0.174,20.9,31.4,26.2,0,NA,NA,NA
"1230",2023-05-14,1073,0.228,20.5,31.8,26.1,0,NA,NA,NA
"1231",2023-05-15,1621,0.59,20.2,32.3,26.2,1,2515,224,2739
"1232",2023-05-16,2052,0.236,20.8,32.9,26.8,1,2230,213,2444
"1233",2023-05-17,1936,0.15,20.1,31.9,26,1,2125,215,2340
"1234",2023-05-18,1885,0.832,20,30.5,25.2,1,2216,268,2485
"1235",2023-05-19,1519,0.168,17.7,29.4,23.6,1,2379,234,2613
"1236",2023-05-20,1032,0.022,15,29.5,22.3,0,1,NA,1
"1237",2023-05-21,1018,0.136,16.8,29.3,23,0,NA,NA,NA
"1238",2023-05-22,1597,0.388,17.7,29.5,23.6,1,2477,226,2703
"1239",2023-05-23,1897,0.004,16,29.3,22.7,1,2189,202,2417
"1240",2023-05-24,1912,0.066,16.8,29.7,23.2,1,1981,214,2206
"1241",2023-05-25,1805,0.076,17.8,30.3,24,1,2048,182,2235
"1242",2023-05-26,1564,0.044,17.5,30.6,24,1,2288,208,2502
"1243",2023-05-27,1012,0.046,15.8,29.2,22.5,0,NA,NA,NA
"1244",2023-05-28,915,0,14.7,29.4,22,0,NA,NA,NA
"1245",2023-05-29,1423,0,15,28.8,21.9,1,2206,234,2440
"1246",2023-05-30,1819,0,14.2,29.3,21.7,1,2011,198,2214
"1247",2023-05-31,1795,0,15.3,30.2,22.8,1,1785,190,1985
"1248",2023-06-01,1713,0.08,17.2,30.9,24,1,1954,184,2143
"1249",2023-06-02,1481,0.008,18.1,30.9,24.5,1,2394,223,2617
"1250",2023-06-03,1068,0.004,17.3,31.4,24.3,0,1,1,2
"1251",2023-06-04,1131,0.05,19.1,31.2,25.1,0,NA,NA,NA
"1252",2023-06-05,1732,0.252,19.8,31.7,25.8,1,2457,212,2674
"1253",2023-06-06,1857,1.266,21.3,31.9,26.6,1,2078,218,2296
"1254",2023-06-07,1928,0.82,20.9,31.5,26.2,1,1989,232,2221
"1255",2023-06-08,1820,0.31,19.3,31.7,25.5,1,2018,232,2254
"1256",2023-06-09,1478,0.004,18,30.4,24.2,1,2415,243,2658
"1257",2023-06-10,988,0.072,16.7,30.2,23.4,0,NA,NA,NA
"1258",2023-06-11,1036,0.226,16.8,30.7,23.8,0,NA,NA,NA
"1259",2023-06-12,1676,0.026,17,31.5,24.2,1,2496,232,2728
"1260",2023-06-13,2101,0.02,17.4,31.8,24.6,1,2111,233,2345
"1261",2023-06-14,2041,0.07,18.1,30.8,24.5,1,2045,224,2274
"1262",2023-06-15,2005,0.012,16.8,29.9,23.4,1,2287,254,2541
"1263",2023-06-16,1522,0.002,16,30.2,23.1,1,2353,201,2554
"1264",2023-06-17,1078,0.004,16.7,30.2,23.5,0,NA,NA,NA
"1265",2023-06-18,992,0.038,16.9,29.5,23.2,0,NA,NA,NA
"1266",2023-06-19,1681,0,16,30.1,23,1,2520,226,2746
"1267",2023-06-20,1632,0.002,16.2,29.6,22.9,1,2126,200,2326
"1268",2023-06-21,1781,0.204,16.2,30.1,23.1,1,1935,212,2147
"1269",2023-06-22,1806,0.292,16.7,30.9,23.8,1,1930,207,2137
"1270",2023-06-23,1586,0.336,17.2,30.9,24,1,2281,190,2471
"1271",2023-06-24,1070,0.022,17.1,31.7,24.4,0,1,2,3
"1272",2023-06-25,963,0.182,18.6,31.5,25,0,NA,NA,NA
"1273",2023-06-26,1701,0.002,19.8,31.9,25.8,1,2303,226,2529
"1274",2023-06-27,1908,0,19.1,32,25.6,1,1982,192,2177
"1275",2023-06-28,1897,0.004,18,31.6,24.8,1,1921,183,2107
"1276",2023-06-29,1908,0.98,17.5,30.8,24.2,1,2041,178,2219
"1277",2023-06-30,1695,0.006,16.9,29.5,23.2,1,2272,201,2475
"1278",2023-07-01,1013,0.092,18.6,29.3,23.9,0,NA,NA,NA
"1279",2023-07-02,1104,1.608,19.6,26.9,23.2,0,NA,NA,NA
"1280",2023-07-03,1666,11.124,18,27.1,22.5,1,2291,210,2501
"1281",2023-07-04,2075,0.51,19.3,28.6,23.9,1,2134,226,2364
"1282",2023-07-05,2224,0.118,20.2,30.6,25.4,1,2153,244,2398
"1283",2023-07-06,2059,0.184,19.1,31.5,25.3,1,2342,229,2574
"1284",2023-07-07,1724,1.154,18,30.2,24.1,1,2678,240,2918
"1285",2023-07-08,1172,0.15,18.4,29.3,23.9,0,NA,NA,NA
"1286",2023-07-09,1132,0.15,17.5,29,23.3,0,NA,NA,NA
"1287",2023-07-10,1818,0.006,17.5,29.7,23.6,1,2584,256,2840
"1288",2023-07-11,2143,0.006,17.8,30.3,24,1,2235,235,2482
"1289",2023-07-12,2148,0.042,17.7,30.5,24.1,1,2219,242,2475
"1290",2023-07-13,2013,0.004,18.5,30.3,24.4,1,2184,265,2458
"1291",2023-07-14,1974,0.084,18.6,30.1,24.3,1,2505,247,2752
"1292",2023-07-15,1333,0.156,17.9,30.2,24.1,0,NA,NA,NA
"1293",2023-07-16,1263,0.112,18.7,29.7,24.2,0,NA,NA,NA
"1294",2023-07-17,1864,0.07,19.2,30.1,24.7,1,2498,252,2750
"1295",2023-07-18,2118,0.154,17.5,30.5,24,1,2169,218,2387
"1296",2023-07-19,2143,0.028,17.6,30.8,24.2,1,2048,240,2288
"1297",2023-07-20,1967,0.08,18.9,30.7,24.8,1,2187,227,2414
"1298",2023-07-21,1692,0.098,18.6,30.4,24.5,1,2315,251,2566
"1299",2023-07-22,1100,0.018,16.9,30.2,23.5,0,NA,NA,NA
"1300",2023-07-23,1140,0,15.5,27.4,21.5,0,NA,NA,NA
"1301",2023-07-24,1590,0.328,13.2,25.8,19.5,1,2424,226,2650
"1302",2023-07-25,1943,0.012,12.3,25.8,19,1,2076,185,2264
"1303",2023-07-26,1961,0.706,16.3,30.5,23.4,1,1976,209,2186
"1304",2023-07-27,1783,0.308,18.9,29.4,24.2,1,2076,231,2310
"1305",2023-07-28,1508,0.034,18.1,30.6,24.4,1,2269,215,2484
"1306",2023-07-29,1027,0,16.9,30.8,23.9,0,1,2,3
"1307",2023-07-30,1065,0,17.9,31.2,24.5,0,NA,NA,NA
"1308",2023-07-31,1607,0.004,15.9,30.8,23.4,1,2175,201,2376
"1309",2023-08-01,1885,0.072,18.5,30.6,24.6,1,1945,201,2148
"1310",2023-08-02,2147,0.004,17.9,30.5,24.2,1,1817,202,2026
"1311",2023-08-03,1950,0.226,18.4,29.7,24,1,2213,223,2443
"1312",2023-08-04,1694,0.042,18.1,29.6,23.8,1,2493,217,2710
"1313",2023-08-05,1155,0.062,18.1,29.7,23.9,0,1,NA,1
"1314",2023-08-06,1074,0.068,15.7,29.6,22.7,0,NA,NA,NA
"1315",2023-08-07,1697,0.056,15.4,29.6,22.5,1,2408,220,2628
"1316",2023-08-08,2040,1.988,16,29.9,23,1,2112,216,2338
"1317",2023-08-09,1914,0.414,17.2,29.6,23.4,1,2018,219,2244
"1318",2023-08-10,1866,0.132,17.4,29.8,23.6,1,2132,180,2317
"1319",2023-08-11,1528,0.016,16.4,29.8,23.1,1,2353,250,2603
"1320",2023-08-12,937,0.116,17.6,29.4,23.5,0,NA,1,1
"1321",2023-08-13,1109,0.08,17.4,30.5,23.9,0,NA,NA,NA
"1322",2023-08-14,1641,0.218,15.9,31.1,23.5,1,2036,154,2190
"1323",2023-08-15,2046,0.062,15.3,31.5,23.4,1,2243,255,2498
"1324",2023-08-16,1983,0,14,31.2,22.6,1,1810,233,2043
"1325",2023-08-17,1866,0.004,15.4,31.2,23.3,1,2218,214,2432
"1326",2023-08-18,1599,0,15.5,31.4,23.5,1,2498,221,2719
"1327",2023-08-19,919,0,14.8,30.5,22.7,0,1,NA,1
"1328",2023-08-20,1116,0.022,14.3,30.2,22.3,0,NA,NA,NA
"1329",2023-08-21,1703,0,16,30.3,23.1,1,2412,238,2652
"1330",2023-08-22,1893,0.002,15.5,30.6,23.1,1,1945,220,2168
"1331",2023-08-23,1831,0,17,31.7,24.4,1,1959,193,2152
"1332",2023-08-24,1770,0.016,17.3,31.7,24.5,1,2034,168,2202
"1333",2023-08-25,1521,0.026,17.9,31.4,24.7,1,2159,241,2400
"1334",2023-08-26,1022,0.008,18.3,30.3,24.3,0,1,NA,1
"1335",2023-08-27,1041,0.07,17.3,30.9,24.1,0,NA,NA,NA
"1336",2023-08-28,1557,0,17.5,31.2,24.3,1,2276,234,2510
"1337",2023-08-29,1751,0,17.2,31.4,24.3,1,1808,195,2010
"1338",2023-08-30,1810,0.004,16,31.2,23.6,1,1834,205,2042
"1339",2023-08-31,1671,0,14.1,31.6,22.8,1,1767,196,1964
"1340",2023-09-01,1544,0,14,31.7,22.8,1,1987,184,2171
"1341",2023-09-02,1025,0,13.8,31.7,22.8,0,NA,NA,NA
"1342",2023-09-03,801,0,15.9,31.9,23.9,0,NA,NA,NA
"1343",2023-09-04,1849,0,15.7,32.3,24,1,2289,202,2491
"1344",2023-09-05,2078,0,16.2,33.5,24.9,1,2096,192,2288
"1345",2023-09-06,2002,0,16.4,33.6,25,1,1928,181,2109
"1346",2023-09-07,1893,0.072,19.4,33.4,26.4,1,2039,218,2257
"1347",2023-09-08,1611,0.384,21.6,33.5,27.6,1,2293,223,2516
"1348",2023-09-09,1103,0.002,21.2,33.9,27.6,0,1,1,2
"1349",2023-09-10,1066,0.018,21.1,33.6,27.3,0,NA,NA,NA
"1350",2023-09-11,1582,0.004,20,32,26,1,2259,199,2458
"1351",2023-09-12,1848,0.146,20,31.5,25.7,1,1968,195,2168
"1352",2023-09-13,1957,0.016,18.9,31.3,25.1,1,1875,209,2092
"1353",2023-09-14,1963,0.19,17.7,31.5,24.6,1,2036,208,2250
"1354",2023-09-15,1584,0.014,16.4,31.2,23.8,1,1690,145,1835
"1355",2023-09-16,1089,0.002,17.5,31.5,24.5,0,1,NA,1
"1356",2023-09-17,1095,0,17.7,31.4,24.5,0,NA,NA,NA
"1357",2023-09-18,1577,0.19,17.6,32.2,24.9,1,2530,228,2760
"1358",2023-09-19,2023,0.016,19,33.1,26.1,1,1953,189,2144
"1359",2023-09-20,1893,0.004,19.7,34.6,27.1,1,1842,207,2051
"1360",2023-09-21,1777,0.264,19,35.6,27.3,1,1887,190,2077
"1361",2023-09-22,1461,0,17.7,35.7,26.7,1,2143,177,2320
"1362",2023-09-23,998,0,17.5,33.8,25.7,0,1,NA,1
"1363",2023-09-24,933,0,20.5,32.7,26.6,0,NA,NA,NA
"1364",2023-09-25,1542,0,19.7,32.9,26.3,1,2009,202,2211
"1365",2023-09-26,1957,0.036,18.6,33.1,25.8,1,1813,188,2010
"1366",2023-09-27,1860,0,19.9,33.2,26.6,1,1635,184,1822
"1367",2023-09-28,1709,0.062,19.3,33.8,26.5,1,1731,168,1903
"1368",2023-09-29,1325,0.066,20,33.2,26.6,1,2028,192,2220
"1369",2023-09-30,1035,0.16,20.1,33.2,26.7,0,1,NA,1
"1370",2023-10-01,895,0.004,20,34,27,0,NA,NA,NA
"1371",2023-10-02,1328,0.002,19.1,34,26.6,1,NA,NA,NA
"1372",2023-10-03,1861,0,20.7,34.3,27.5,1,2509,303,2812
"1373",2023-10-04,2269,0,21.5,34.6,28.1,1,2054,213,2279
"1374",2023-10-05,1816,0.008,20.5,34.5,27.5,1,2135,228,2371
"1375",2023-10-06,1768,0,20,34.7,27.4,1,2281,236,2517
"1376",2023-10-07,1157,0.018,21.9,34.3,28.1,0,NA,NA,NA
"1377",2023-10-08,1182,0.054,22.2,32.7,27.5,0,NA,NA,NA
"1378",2023-10-09,1681,0.852,21.2,32,26.6,1,2377,231,2609
"1379",2023-10-10,2065,0.01,21,33.7,27.4,1,1994,234,2231
"1380",2023-10-11,2050,0,20.2,35.2,27.7,1,1787,211,2001
"1381",2023-10-12,1888,0.084,21.5,33.5,27.5,1,1918,190,2109
"1382",2023-10-13,1764,0.23,21.7,35.6,28.6,1,2098,200,2298
"1383",2023-10-14,1208,0,19.2,36,27.6,0,NA,NA,NA
"1384",2023-10-15,1123,0,18,35.6,26.8,0,NA,NA,NA
"1385",2023-10-16,1712,0,19.2,35.9,27.6,1,2147,212,2359
"1386",2023-10-17,2103,0,18.7,36.6,27.7,1,1843,213,2062
"1387",2023-10-18,2001,0,19,35.2,27.1,1,1790,209,2001
"1388",2023-10-19,1891,0,21.4,34.7,28,1,1754,195,1949
"1389",2023-10-20,1619,0.016,20.9,35.8,28.3,1,2048,179,2227
"1390",2023-10-21,1099,0,20.5,36,28.2,0,NA,NA,NA
"1391",2023-10-22,1054,0,20.7,36.1,28.4,0,NA,NA,NA
"1392",2023-10-23,1595,0,20.3,35.8,28,1,2049,200,2249
"1393",2023-10-24,1884,0.172,19.8,37,28.4,1,1722,163,1887
"1394",2023-10-25,1945,0,19.9,37.3,28.6,1,1644,165,1812
"1395",2023-10-26,1762,0.008,20.2,36.1,28.1,1,1670,189,1865
"1396",2023-10-27,1485,0,20.9,36.1,28.5,1,1872,186,2058
"1397",2023-10-28,1047,0,21.3,35.6,28.4,0,NA,NA,NA
"1398",2023-10-29,982,0.03,22.5,33.9,28.2,0,NA,NA,NA
"1399",2023-10-30,1562,0.024,22.9,35,29,1,1827,188,2015
"1400",2023-10-31,1810,0.056,22.1,36.1,29.1,1,1625,163,1789
"1401",2023-11-01,2215,0,19.3,37.1,28.2,1,1696,166,1866
"1402",2023-11-02,2044,0,19.9,36.8,28.3,1,1947,210,2158
"1403",2023-11-03,1668,0,21.6,36.5,29.1,1,2133,216,2349
"1404",2023-11-04,1249,0,22.3,36,29.2,0,NA,NA,NA
"1405",2023-11-05,1170,0.032,22.2,36.2,29.2,0,NA,NA,NA
"1406",2023-11-06,1686,0.134,21.1,35.8,28.5,1,2222,211,2433
"1407",2023-11-07,1930,0.01,21.9,36,29,1,1754,173,1930
"1408",2023-11-08,2064,0.058,23.7,35.9,29.8,1,1728,199,1932
"1409",2023-11-09,2016,0.412,23.3,35,29.2,1,1886,198,2084
"1410",2023-11-10,1732,0.49,22.6,34,28.3,1,2232,225,2457
"1411",2023-11-11,1202,0.814,23.2,35.2,29.2,0,1,NA,1
"1412",2023-11-12,1086,0.394,21.9,35.8,28.9,0,NA,NA,NA
"1413",2023-11-13,1604,0.024,21.2,35.5,28.3,1,2104,206,2312
"1414",2023-11-14,2030,0.344,20.8,36,28.4,1,1730,196,1958
"1415",2023-11-15,2032,0.02,21.3,36.5,28.9,1,1710,173,1891
"1416",2023-11-16,1846,0,22.4,37.2,29.8,1,1827,215,2053
"1417",2023-11-17,1728,0,22.3,37.5,29.9,1,1899,222,2121
"1418",2023-11-18,1144,0.122,22.7,37.7,30.2,0,NA,NA,NA
"1419",2023-11-19,1059,0.18,24.1,35.5,29.8,0,NA,NA,NA
"1420",2023-11-20,1640,0.962,23.1,35.7,29.4,1,2041,236,2277
"1421",2023-11-21,1872,0.68,24.8,36.3,30.6,1,1747,200,1953
"1422",2023-11-22,2016,1.474,25,36.5,30.7,1,1644,191,1845
"1423",2023-11-23,1800,2.738,24.2,34.9,29.5,1,1733,197,1937
"1424",2023-11-24,1514,0.56,24.6,33.9,29.2,1,1931,199,2130
"1425",2023-11-25,1009,5.52,23.6,34.9,29.3,0,NA,NA,NA
"1426",2023-11-26,948,0.912,24.2,35.3,29.7,0,NA,NA,NA
"1427",2023-11-27,1540,1.514,24.1,35.3,29.7,1,1930,172,2107
"1428",2023-11-28,1908,5.57,23.1,36.1,29.6,1,1608,159,1771
"1429",2023-11-29,1880,0.348,24.3,36.7,30.5,1,1552,164,1719
"1430",2023-11-30,1876,3.326,24.7,37.6,31.1,1,1610,148,1758
"1431",2023-12-01,1662,0.202,25,37.7,31.3,1,1932,220,2152
"1432",2023-12-02,1223,2.626,25,36.1,30.5,0,NA,NA,NA
"1433",2023-12-03,1156,6.05,24.6,37.3,31,0,NA,NA,NA
"1434",2023-12-04,1891,0.762,24.8,38,31.4,1,2256,222,2478
"1435",2023-12-05,2051,0.696,25,37.5,31.2,1,1980,187,2168
"1436",2023-12-06,2172,0.476,24.7,36.7,30.7,1,1822,205,2030
"1437",2023-12-07,1993,0.538,23.7,36.4,30.1,1,1883,218,2102
"1438",2023-12-08,1705,2.736,23.7,36.1,29.9,1,2233,230,2463
"1439",2023-12-09,1199,1.782,24.4,36.4,30.4,0,NA,NA,NA
"1440",2023-12-10,1177,2.164,24.3,37,30.6,0,NA,NA,NA
"1441",2023-12-11,1898,2.452,24.5,37,30.7,1,2389,229,2618
"1442",2023-12-12,2279,1.758,25.6,37.1,31.4,1,2009,208,2217
"1443",2023-12-13,2018,5.158,26.2,35.2,30.7,1,1751,193,1954
"1444",2023-12-14,2019,12.348,25.9,33.8,29.8,1,1883,214,2098
"1445",2023-12-15,1616,45.028,25.6,32.6,29.1,1,2057,219,2276
"1446",2023-12-16,1190,48.746,24.8,32.5,28.6,0,1,NA,1
"1447",2023-12-17,1072,44.138,25.3,32.2,28.7,0,NA,NA,NA
"1448",2023-12-18,1570,17.688,24.9,33.5,29.2,1,2205,208,2413
"1449",2023-12-19,1931,13.088,25.5,33.5,29.5,1,1842,201,2043
"1450",2023-12-20,2096,19.912,24.8,33.5,29.2,1,1776,175,1951
"1451",2023-12-21,1767,10.118,24,34.7,29.3,1,1830,212,2042
"1452",2023-12-22,1698,4.546,25.1,35.5,30.3,1,1828,180,2008
"1453",2023-12-23,1056,2.852,24.7,36.3,30.5,0,NA,NA,NA
"1454",2023-12-24,611,4.408,26.1,36,31,0,NA,NA,NA
"1455",2023-12-25,447,9.92,25.4,36.2,30.8,1,NA,NA,NA
"1456",2023-12-26,757,7.428,24.2,34.1,29.2,1,NA,NA,NA
"1457",2023-12-27,1361,3.624,23.7,35.9,29.8,1,NA,NA,NA
"1458",2023-12-28,1807,3.748,24.2,36.7,30.4,1,1781,13,1794
"1459",2023-12-29,1638,4.832,24.8,37.1,31,1,1517,9,1526
"1460",2023-12-30,1093,1.056,26.4,37.6,32,0,NA,NA,NA
"1461",2023-12-31,905,0.71,26.4,37.2,31.8,0,NA,NA,NA
